date,ticker,call_volume,put_volume,total_volume,call_open_interest,put_open_interest
2025-07-09,TW,75.0,593.0,668.0,4182.0,2707.0
2025-07-09,NVDA,595268.0,334789.0,930057.0,810022.0,616681.0
2025-07-09,WM,181.0,135.0,316.0,5356.0,6849.0
2025-07-09,TALK,46.0,28.0,74.0,8188.0,1227.0
2025-07-09,MAPS,105.0,4.0,109.0,5745.0,22.0
2025-07-09,PG,1803.0,722.0,2525.0,7499.0,5373.0
2025-07-09,E,14.0,3.0,17.0,100.0,14.0
2025-07-09,EIX,2008.0,77.0,2085.0,30179.0,17102.0
2025-07-09,PCG,3237.0,237.0,3474.0,16956.0,4469.0
2025-07-09,JBL,95.0,179.0,274.0,3384.0,5235.0
2025-07-09,EPS,5.0,0.0,5.0,15.0,0.0
2025-07-09,PFE,3513.0,2100.0,5613.0,36183.0,34344.0
2025-07-09,B,368.0,230.0,598.0,1924.0,654.0
2025-07-09,JNJ,1120.0,283.0,1403.0,8790.0,7460.0
2025-07-09,AI,34901.0,985.0,35886.0,106118.0,7651.0
2025-07-09,ORCL,14233.0,3166.0,17399.0,47905.0,24057.0
2025-07-09,U,11894.0,1805.0,13699.0,62470.0,14636.0
2025-07-09,STT,228.0,43.0,271.0,28040.0,1543.0
2025-07-09,LMT,611.0,415.0,1026.0,4633.0,2572.0
2025-07-09,S,66.0,133.0,199.0,1727.0,891.0
2025-07-09,NVMI,62.0,623.0,685.0,243.0,768.0
2025-07-09,MNDY,50.0,41.0,91.0,890.0,579.0
2025-07-09,INTU,149.0,232.0,381.0,1551.0,1647.0
2025-07-09,AVGO,30073.0,9164.0,39237.0,46007.0,47878.0
2025-07-09,PLTR,81609.0,39654.0,121263.0,256329.0,139702.0
2025-07-09,NOW,633.0,425.0,1058.0,3851.0,3012.0
2025-07-09,LLY,4421.0,2358.0,6779.0,11351.0,9068.0
2025-07-09,AU,337.0,3796.0,4133.0,25785.0,46041.0
2025-07-09,APP,6213.0,2426.0,8639.0,21286.0,17321.0
2025-07-09,EA,77.0,135.0,212.0,831.0,454.0
2025-07-09,URBN,126.0,87.0,213.0,249.0,541.0
2025-07-09,FOX,39.0,6.0,45.0,339.0,108.0
2025-07-09,MSFT,68709.0,31764.0,100473.0,61688.0,52318.0
2025-07-09,GOOGL,88492.0,40666.0,129158.0,116024.0,59317.0
2025-07-09,NFLX,13477.0,9996.0,23473.0,37554.0,31658.0
2025-07-09,GE,829.0,664.0,1493.0,18493.0,6389.0
2025-07-11,TW,628.0,593.0,1221.0,4183.0,2676.0
2025-07-11,NVDA,599638.0,386551.0,986189.0,770919.0,681709.0
2025-07-11,WM,144.0,216.0,360.0,5355.0,6917.0
2025-07-11,TALK,67.0,24.0,91.0,10245.0,1172.0
2025-07-11,MAPS,114.0,5.0,119.0,5757.0,23.0
2025-07-11,PG,545.0,245.0,790.0,7578.0,5210.0
2025-07-11,E,37.0,3.0,40.0,107.0,14.0
2025-07-11,EIX,1859.0,106.0,1965.0,30354.0,16050.0
2025-07-11,PCG,374.0,261.0,635.0,17224.0,3932.0
2025-07-11,JBL,175.0,215.0,390.0,3430.0,4966.0
2025-07-11,EPS,5.0,0.0,5.0,10.0,0.0
2025-07-11,PFE,2927.0,1984.0,4911.0,31139.0,35606.0
2025-07-11,B,1031.0,331.0,1362.0,3198.0,815.0
2025-07-11,JNJ,1321.0,345.0,1666.0,9008.0,6628.0
2025-07-11,AI,2371.0,630.0,3001.0,78096.0,8729.0
2025-07-11,ORCL,21831.0,6148.0,27979.0,41318.0,25337.0
2025-07-11,U,3799.0,1894.0,5693.0,57451.0,15729.0
2025-07-11,STT,68.0,267.0,335.0,28087.0,2088.0
2025-07-11,LMT,818.0,242.0,1060.0,4923.0,2703.0
2025-07-11,S,282.0,145.0,427.0,1874.0,905.0
2025-07-11,NVMI,54.0,621.0,675.0,246.0,770.0
2025-07-11,MNDY,51.0,42.0,93.0,909.0,586.0
2025-07-11,INTU,434.0,492.0,926.0,2049.0,1298.0
2025-07-11,AVGO,10564.0,5571.0,16135.0,52010.0,49886.0
2025-07-11,PLTR,76573.0,56046.0,132619.0,228233.0,146701.0
2025-07-11,NOW,2241.0,2009.0,4250.0,5506.0,3143.0
2025-07-11,LLY,4091.0,1949.0,6040.0,12672.0,9412.0
2025-07-11,AU,291.0,3487.0,3778.0,25794.0,45822.0
2025-07-11,APP,4733.0,2717.0,7450.0,25516.0,19969.0
2025-07-11,EA,135.0,108.0,243.0,760.0,363.0
2025-07-11,URBN,140.0,73.0,213.0,283.0,533.0
2025-07-11,FOX,102.0,11.0,113.0,307.0,112.0
2025-07-11,MSFT,29309.0,15419.0,44728.0,71193.0,57543.0
2025-07-11,GOOGL,38327.0,20683.0,59010.0,117192.0,64760.0
2025-07-11,NFLX,27520.0,32876.0,60396.0,47739.0,34107.0
2025-07-11,GE,1779.0,376.0,2155.0,19607.0,6874.0
2025-07-11,TTE,2545.0,57.0,2602.0,5814.0,1268.0
2025-07-11,CVX,2785.0,770.0,3555.0,11188.0,13680.0
2025-07-11,PEP,3213.0,950.0,4163.0,28071.0,15068.0
2025-07-11,CME,333.0,60.0,393.0,6257.0,4330.0
2025-07-11,FAST,1243.0,615.0,1858.0,13672.0,4091.0
2025-07-11,ZION,67.0,72.0,139.0,1632.0,6806.0
2025-07-11,HON,104.0,112.0,216.0,3672.0,2018.0
2025-07-11,IPO,352.0,13.0,365.0,635.0,18.0
2025-07-11,MS,509.0,1130.0,1639.0,9625.0,18765.0
2025-07-11,AMZN,117262.0,36059.0,153321.0,197405.0,110179.0
2025-07-11,SOFI,58343.0,28552.0,86895.0,185149.0,130453.0
2025-07-11,SHOP,2973.0,2842.0,5815.0,16234.0,15804.0
2025-07-11,ADBE,2257.0,1240.0,3497.0,11877.0,9465.0
2025-07-11,BABA,13994.0,4794.0,18788.0,50471.0,26772.0
2025-07-11,TSM,8021.0,2560.0,10581.0,43550.0,42979.0
2025-07-11,KHC,872.0,380.0,1252.0,16659.0,4209.0
2025-07-11,STZ,249.0,228.0,477.0,3505.0,4128.0
2025-07-11,CPB,372.0,131.0,503.0,6701.0,5952.0
2025-07-14,TW,72.0,40.0,112.0,4735.0,2681.0
2025-07-14,NVDA,492558.0,244414.0,736972.0,1551988.0,1162716.0
2025-07-14,WM,583.0,133.0,716.0,5359.0,6465.0
2025-07-14,TALK,23.0,24.0,47.0,10243.0,1172.0
2025-07-14,MAPS,122.0,5.0,127.0,5762.0,23.0
2025-07-14,PG,6324.0,4269.0,10593.0,47712.0,22677.0
2025-07-14,E,37.0,3.0,40.0,107.0,14.0
2025-07-14,EIX,1871.0,146.0,2017.0,30347.0,15805.0
2025-07-14,PCG,4962.0,1759.0,6721.0,188684.0,39916.0
2025-07-14,JBL,102.0,193.0,295.0,3462.0,4995.0
2025-07-14,EPS,5.0,0.0,5.0,15.0,0.0
2025-07-14,PFE,9638.0,5078.0,14716.0,160696.0,134780.0
2025-07-14,B,2809.0,624.0,3433.0,80915.0,26782.0
2025-07-14,JNJ,2582.0,1838.0,4420.0,53908.0,36700.0
2025-07-14,AI,4806.0,2201.0,7007.0,184683.0,26029.0
2025-07-14,ORCL,39375.0,7505.0,46880.0,70482.0,64095.0
2025-07-14,U,5482.0,1609.0,7091.0,64103.0,28648.0
2025-07-14,STT,20187.0,524.0,20711.0,28227.0,2355.0
2025-07-14,LMT,2457.0,754.0,3211.0,16016.0,7842.0
2025-07-14,S,1011.0,64.0,1075.0,10018.0,2121.0
2025-07-14,NVMI,62.0,622.0,684.0,245.0,771.0
2025-07-14,MNDY,167.0,52.0,219.0,1024.0,603.0
2025-07-14,INTU,885.0,1071.0,1956.0,5657.0,9675.0
2025-07-14,AVGO,30339.0,18665.0,49004.0,134467.0,130963.0
2025-07-14,PLTR,175610.0,108748.0,284358.0,392236.0,294374.0
2025-07-14,NOW,6281.0,2381.0,8662.0,12070.0,9923.0
2025-07-14,LLY,6318.0,3887.0,10205.0,65152.0,28380.0
2025-07-14,AU,343.0,3550.0,3893.0,25155.0,45998.0
2025-07-14,APP,23849.0,9704.0,33553.0,51197.0,37699.0
2025-07-14,EA,162.0,1028.0,1190.0,7026.0,2535.0
2025-07-14,URBN,271.0,342.0,613.0,3808.0,3421.0
2025-07-14,FOX,36.0,11.0,47.0,304.0,108.0
2025-07-14,MSFT,25741.0,27359.0,53100.0,209574.0,152368.0
2025-07-14,GOOGL,115362.0,32448.0,147810.0,328597.0,177633.0
2025-07-14,NFLX,16723.0,19007.0,35730.0,60669.0,62181.0
2025-07-14,GE,3255.0,3907.0,7162.0,86207.0,35769.0
2025-07-14,TTE,86.0,63.0,149.0,5820.0,1270.0
2025-07-14,CVX,7473.0,3436.0,10909.0,58967.0,31958.0
2025-07-14,PEP,4918.0,7667.0,12585.0,69143.0,101296.0
2025-07-14,CME,240.0,59.0,299.0,6240.0,4332.0
2025-07-14,FAST,8745.0,3094.0,11839.0,14857.0,6107.0
2025-07-14,ZION,86.0,886.0,972.0,1650.0,7479.0
2025-07-14,HON,702.0,168.0,870.0,13508.0,12573.0
2025-07-14,IPO,352.0,12.0,364.0,614.0,17.0
2025-07-14,MS,2905.0,2320.0,5225.0,50716.0,47564.0
2025-07-14,AMZN,114167.0,41738.0,155905.0,431394.0,244514.0
2025-07-14,SOFI,45957.0,30360.0,76317.0,261201.0,347125.0
2025-07-14,SHOP,6381.0,2776.0,9157.0,43601.0,41346.0
2025-07-14,ADBE,4933.0,4425.0,9358.0,33793.0,19532.0
2025-07-14,BABA,42333.0,6970.0,49303.0,172225.0,77515.0
2025-07-14,TSM,10107.0,30549.0,40656.0,114647.0,146390.0
2025-07-14,KHC,10146.0,1941.0,12087.0,52805.0,38365.0
2025-07-14,STZ,2137.0,2115.0,4252.0,20061.0,13097.0
2025-07-14,CPB,1446.0,307.0,1753.0,9214.0,3744.0
2025-07-16,TW,92.0,60.0,152.0,4735.0,2670.0
2025-07-16,NVDA,1326955.0,727193.0,2054148.0,1543671.0,1209198.0
2025-07-16,WM,570.0,154.0,724.0,5526.0,6451.0
2025-07-16,TALK,38.0,16.0,54.0,10253.0,1174.0
2025-07-16,MAPS,124.0,5.0,129.0,5764.0,23.0
2025-07-16,PG,10474.0,3863.0,14337.0,50685.0,24357.0
2025-07-16,E,20.0,3.0,23.0,107.0,13.0
2025-07-16,EIX,2569.0,222.0,2791.0,30324.0,15862.0
2025-07-16,PCG,7901.0,4641.0,12542.0,173934.0,41942.0
2025-07-16,JBL,118.0,256.0,374.0,3454.0,5017.0
2025-07-16,EPS,5.0,0.0,5.0,10.0,0.0
2025-07-16,PFE,20598.0,15914.0,36512.0,162006.0,136399.0
2025-07-16,B,3101.0,1843.0,4944.0,79696.0,26981.0
2025-07-16,JNJ,14625.0,12836.0,27461.0,54874.0,37426.0
2025-07-16,AI,15078.0,5662.0,20740.0,182553.0,27305.0
2025-07-16,ORCL,49304.0,8564.0,57868.0,74830.0,67600.0
2025-07-16,U,15134.0,11853.0,26987.0,65460.0,32206.0
2025-07-16,STT,1904.0,1911.0,3815.0,10390.0,3319.0
2025-07-16,LMT,1957.0,871.0,2828.0,16825.0,8263.0
2025-07-16,S,1046.0,37.0,1083.0,10150.0,2129.0
2025-07-16,NVMI,61.0,625.0,686.0,247.0,772.0
2025-07-16,MNDY,100.0,101.0,201.0,1140.0,605.0
2025-07-16,INTU,955.0,1504.0,2459.0,5687.0,10366.0
2025-07-16,AVGO,52946.0,31902.0,84848.0,144323.0,138027.0
2025-07-16,PLTR,244494.0,134608.0,379102.0,421646.0,345118.0
2025-07-16,NOW,3390.0,1789.0,5179.0,13622.0,10121.0
2025-07-16,LLY,16250.0,11324.0,27574.0,67563.0,29773.0
2025-07-16,AU,425.0,3531.0,3956.0,25564.0,45703.0
2025-07-16,APP,13549.0,10008.0,23557.0,56734.0,43660.0
2025-07-16,EA,315.0,492.0,807.0,7044.0,3467.0
2025-07-16,URBN,263.0,404.0,667.0,3804.0,3422.0
2025-07-16,FOX,36.0,5.0,41.0,303.0,112.0
2025-07-16,MSFT,66858.0,62833.0,129691.0,211430.0,158541.0
2025-07-16,GOOGL,200831.0,44663.0,245494.0,346565.0,191144.0
2025-07-16,NFLX,17894.0,20483.0,38377.0,68010.0,71810.0
2025-07-16,GE,5586.0,5236.0,10822.0,87893.0,35987.0
2025-07-16,TTE,22.0,64.0,86.0,5820.0,1274.0
2025-07-16,CVX,6003.0,3805.0,9808.0,64055.0,33992.0
2025-07-16,PEP,13214.0,9828.0,23042.0,70937.0,132924.0
2025-07-16,CME,399.0,174.0,573.0,6153.0,4332.0
2025-07-16,FAST,3417.0,946.0,4363.0,16525.0,6055.0
2025-07-16,ZION,83.0,363.0,446.0,1638.0,7480.0
2025-07-16,HON,564.0,297.0,861.0,13265.0,12615.0
2025-07-16,IPO,257.0,13.0,270.0,635.0,17.0
2025-07-16,MS,19886.0,15522.0,35408.0,52150.0,50969.0
2025-07-16,AMZN,144432.0,51521.0,195953.0,445344.0,258847.0
2025-07-16,SOFI,64457.0,32255.0,96712.0,279776.0,350329.0
2025-07-16,SHOP,9648.0,4815.0,14463.0,45740.0,42443.0
2025-07-16,ADBE,4920.0,4377.0,9297.0,35172.0,20182.0
2025-07-16,BABA,163852.0,51414.0,215266.0,184485.0,78494.0
2025-07-16,TSM,39773.0,33422.0,73195.0,117945.0,168509.0
2025-07-16,KHC,17674.0,3288.0,20962.0,52448.0,40795.0
2025-07-16,STZ,1029.0,1297.0,2326.0,19540.0,13827.0
2025-07-16,CPB,356.0,356.0,712.0,9781.0,3855.0
2025-07-16,FTCI,299.0,103.0,402.0,983.0,123.0
2025-07-16,PROP,17.0,204.0,221.0,305.0,580.0
2025-07-16,FTC,3.0,1.0,4.0,4.0,3.0
2025-07-16,ASML,10493.0,11209.0,21702.0,16489.0,20230.0
2025-07-16,TOST,668.0,1795.0,2463.0,21837.0,29710.0
2025-07-16,ELF,877.0,447.0,1324.0,13981.0,9977.0
2025-07-16,RBLX,9312.0,5912.0,15224.0,76426.0,97149.0
2025-07-17,TW,65.0,41.0,106.0,4743.0,2686.0
2025-07-17,NVDA,497537.0,247274.0,744811.0,1576483.0,1342462.0
2025-07-17,WM,124.0,118.0,242.0,5261.0,6435.0
2025-07-17,TALK,53.0,19.0,72.0,10243.0,1079.0
2025-07-17,MAPS,145.0,5.0,150.0,5772.0,23.0
2025-07-17,PG,4098.0,1965.0,6063.0,51885.0,23675.0
2025-07-17,E,25.0,3.0,28.0,105.0,13.0
2025-07-17,EIX,1843.0,111.0,1954.0,30017.0,16008.0
2025-07-17,PCG,1195.0,982.0,2177.0,176948.0,43894.0
2025-07-17,JBL,87.0,277.0,364.0,3419.0,5088.0
2025-07-17,EPS,5.0,0.0,5.0,15.0,0.0
2025-07-17,PFE,2928.0,1465.0,4393.0,162419.0,136653.0
2025-07-17,B,1553.0,336.0,1889.0,78171.0,27688.0
2025-07-17,JNJ,9902.0,3942.0,13844.0,58816.0,46585.0
2025-07-17,AI,50683.0,2618.0,53301.0,185760.0,27540.0
2025-07-17,ORCL,68735.0,21687.0,90422.0,78395.0,74125.0
2025-07-17,U,33358.0,13274.0,46632.0,61977.0,40756.0
2025-07-17,STT,67.0,87.0,154.0,10379.0,3051.0
2025-07-17,LMT,1293.0,475.0,1768.0,15339.0,8384.0
2025-07-17,S,810.0,42.0,852.0,11141.0,2186.0
2025-07-17,NVMI,56.0,619.0,675.0,246.0,771.0
2025-07-17,MNDY,116.0,99.0,215.0,1140.0,599.0
2025-07-17,INTU,929.0,400.0,1329.0,6040.0,10162.0
2025-07-17,AVGO,31768.0,15466.0,47234.0,147346.0,150374.0
2025-07-17,PLTR,125999.0,73222.0,199221.0,410874.0,352341.0
2025-07-17,NOW,1736.0,1494.0,3230.0,13324.0,9803.0
2025-07-17,LLY,3419.0,4250.0,7669.0,68881.0,29247.0
2025-07-17,AU,331.0,2464.0,2795.0,24131.0,45945.0
2025-07-17,APP,15446.0,8841.0,24287.0,57842.0,45411.0
2025-07-17,EA,374.0,109.0,483.0,6859.0,3566.0
2025-07-17,URBN,161.0,378.0,539.0,3893.0,3224.0
2025-07-17,FOX,42.0,5.0,47.0,303.0,108.0
2025-07-17,MSFT,58158.0,32111.0,90269.0,206077.0,163649.0
2025-07-17,GOOGL,71448.0,25032.0,96480.0,332845.0,201684.0
2025-07-17,NFLX,20574.0,19339.0,39913.0,76609.0,81024.0
2025-07-17,GE,16234.0,6554.0,22788.0,110751.0,45422.0
2025-07-17,TTE,27.0,59.0,86.0,5819.0,1267.0
2025-07-17,CVX,3419.0,3505.0,6924.0,68967.0,37114.0
2025-07-17,PEP,28565.0,12264.0,40829.0,86422.0,200181.0
2025-07-17,CME,256.0,66.0,322.0,5859.0,4247.0
2025-07-17,FAST,395.0,195.0,590.0,16214.0,5947.0
2025-07-17,ZION,96.0,934.0,1030.0,1597.0,8444.0
2025-07-17,HON,694.0,258.0,952.0,13127.0,12786.0
2025-07-17,IPO,147.0,12.0,159.0,608.0,17.0
2025-07-17,MS,1836.0,3770.0,5606.0,55515.0,57941.0
2025-07-17,AMZN,73263.0,23266.0,96529.0,438652.0,263161.0
2025-07-17,SOFI,29810.0,8929.0,38739.0,276487.0,354656.0
2025-07-17,SHOP,13872.0,2619.0,16491.0,46298.0,45881.0
2025-07-17,ADBE,2597.0,3766.0,6363.0,34975.0,18553.0
2025-07-17,BABA,54107.0,8968.0,63075.0,186209.0,83893.0
2025-07-17,TSM,85015.0,37932.0,122947.0,142914.0,190792.0
2025-07-17,KHC,3752.0,441.0,4193.0,52346.0,42587.0
2025-07-17,STZ,320.0,824.0,1144.0,19575.0,13482.0
2025-07-17,CPB,315.0,246.0,561.0,9672.0,3547.0
2025-07-17,FTCI,294.0,103.0,397.0,948.0,123.0
2025-07-17,PROP,12.0,203.0,215.0,306.0,558.0
2025-07-17,FTC,3.0,1.0,4.0,4.0,3.0
2025-07-17,ASML,6840.0,10159.0,16999.0,25439.0,27000.0
2025-07-17,TOST,3686.0,7240.0,10926.0,22251.0,27994.0
2025-07-17,ELF,1597.0,275.0,1872.0,13718.0,9670.0
2025-07-17,RBLX,8447.0,6231.0,14678.0,77996.0,101929.0
2025-07-17,TOUR,1.0,0.0,1.0,197.0,0.0
2025-07-17,STRL,97.0,185.0,282.0,628.0,851.0
2025-07-17,PRIM,52.0,61.0,113.0,881.0,657.0
2025-07-18,TW,64.0,66.0,130.0,4742.0,2652.0
2025-07-18,NVDA,479870.0,326844.0,806714.0,1492018.0,1325223.0
2025-07-18,WM,259.0,251.0,510.0,5230.0,6207.0
2025-07-18,TALK,33.0,23.0,56.0,10238.0,973.0
2025-07-18,MAPS,145.0,5.0,150.0,5809.0,23.0
2025-07-18,PG,6419.0,3118.0,9537.0,47167.0,23451.0
2025-07-18,E,21.0,3.0,24.0,104.0,13.0
2025-07-18,EIX,1900.0,1333.0,3233.0,29979.0,15661.0
2025-07-18,PCG,3067.0,807.0,3874.0,176573.0,43577.0
2025-07-18,JBL,67.0,167.0,234.0,3391.0,5085.0
2025-07-18,EPS,5.0,0.0,5.0,15.0,0.0
2025-07-18,PFE,4233.0,1860.0,6093.0,162227.0,134750.0
2025-07-18,B,1427.0,1156.0,2583.0,75537.0,26980.0
2025-07-18,JNJ,8117.0,2005.0,10122.0,58651.0,46410.0
2025-07-18,AI,11124.0,1694.0,12818.0,170405.0,28397.0
2025-07-18,ORCL,20938.0,11799.0,32737.0,78850.0,77795.0
2025-07-18,U,8524.0,5092.0,13616.0,63899.0,46329.0
2025-07-18,STT,227.0,72.0,299.0,10199.0,3032.0
2025-07-18,LMT,785.0,443.0,1228.0,15096.0,8170.0
2025-07-18,S,1243.0,35.0,1278.0,10525.0,2138.0
2025-07-18,NVMI,49.0,619.0,668.0,245.0,766.0
2025-07-18,MNDY,115.0,85.0,200.0,1222.0,519.0
2025-07-18,INTU,847.0,347.0,1194.0,6030.0,10009.0
2025-07-18,AVGO,20959.0,11880.0,32839.0,143654.0,154130.0
2025-07-18,PLTR,88962.0,62484.0,151446.0,362909.0,361042.0
2025-07-18,NOW,1465.0,7055.0,8520.0,13275.0,9089.0
2025-07-18,LLY,8796.0,6287.0,15083.0,69296.0,25669.0
2025-07-18,AU,581.0,2363.0,2944.0,23795.0,45821.0
2025-07-18,APP,17384.0,6783.0,24167.0,58848.0,47407.0
2025-07-18,EA,169.0,3468.0,3637.0,6866.0,3557.0
2025-07-18,URBN,358.0,323.0,681.0,3775.0,3280.0
2025-07-18,FOX,56.0,5.0,61.0,292.0,108.0
2025-07-18,MSFT,42696.0,24814.0,67510.0,180189.0,170028.0
2025-07-18,GOOGL,91287.0,31904.0,123191.0,328251.0,204298.0
2025-07-18,NFLX,80219.0,91475.0,171694.0,101561.0,106061.0
2025-07-18,GE,5516.0,2085.0,7601.0,108128.0,47946.0
2025-07-18,TTE,23.0,61.0,84.0,5821.0,1263.0
2025-07-18,CVX,26151.0,21621.0,47772.0,71172.0,40245.0
2025-07-18,PEP,5585.0,3278.0,8863.0,84560.0,200499.0
2025-07-18,CME,385.0,52.0,437.0,5649.0,4229.0
2025-07-18,FAST,786.0,1866.0,2652.0,15969.0,5569.0
2025-07-18,ZION,109.0,849.0,958.0,1605.0,8459.0
2025-07-18,HON,678.0,269.0,947.0,12909.0,12589.0
2025-07-18,IPO,147.0,12.0,159.0,567.0,17.0
2025-07-18,MS,1744.0,1629.0,3373.0,53566.0,57263.0
2025-07-18,AMZN,81163.0,38772.0,119935.0,363726.0,263049.0
2025-07-18,SOFI,63448.0,13504.0,76952.0,267109.0,352560.0
2025-07-18,SHOP,11614.0,1288.0,12902.0,48486.0,45777.0
2025-07-18,ADBE,2174.0,9149.0,11323.0,35356.0,17331.0
2025-07-18,BABA,81746.0,12833.0,94579.0,189608.0,85629.0
2025-07-18,TSM,32081.0,17080.0,49161.0,136920.0,194470.0
2025-07-18,KHC,4706.0,277.0,4983.0,48707.0,42302.0
2025-07-18,STZ,554.0,699.0,1253.0,19584.0,13175.0
2025-07-18,CPB,202.0,482.0,684.0,9534.0,3273.0
2025-07-18,FTCI,294.0,103.0,397.0,948.0,123.0
2025-07-18,PROP,21.0,4.0,25.0,314.0,558.0
2025-07-18,FTC,3.0,1.0,4.0,4.0,3.0
2025-07-18,ASML,4913.0,6443.0,11356.0,25647.0,24099.0
2025-07-18,TOST,2190.0,948.0,3138.0,21697.0,27443.0
2025-07-18,ELF,1206.0,3207.0,4413.0,13834.0,8814.0
2025-07-18,RBLX,4002.0,3834.0,7836.0,77722.0,103637.0
2025-07-18,TOUR,1.0,0.0,1.0,197.0,0.0
2025-07-18,STRL,71.0,187.0,258.0,624.0,847.0
2025-07-18,PRIM,48.0,61.0,109.0,876.0,657.0
2025-07-18,HDV,11.0,2.0,13.0,42.0,12.0
2025-07-18,SCHD,569.0,1568.0,2137.0,17955.0,7730.0
2025-07-18,AM,809.0,47.0,856.0,2936.0,1157.0
2025-07-18,AMD,142656.0,75236.0,217892.0,408391.0,314118.0
2025-07-18,ACHR,21214.0,4296.0,25510.0,180660.0,97401.0
2025-07-18,CGNX,502.0,47.0,549.0,178.0,267.0
2025-07-18,FSLR,2386.0,2440.0,4826.0,93609.0,35593.0
2025-07-18,LW,203.0,1039.0,1242.0,26074.0,24173.0
2025-07-18,SAM,156.0,1491.0,1647.0,899.0,584.0
2025-07-18,ANET,2367.0,564.0,2931.0,38571.0,20727.0
2025-07-18,LION,101.0,2.0,103.0,1490.0,115.0
2025-07-18,DAVE,455.0,3853.0,4308.0,3324.0,1778.0
2025-07-18,VNET,4968.0,49.0,5017.0,18600.0,9163.0
2025-07-18,NEGG,9.0,0.0,9.0,581.0,1.0
2025-07-20,TW,1362.0,361.0,1723.0,1365.0,169.0
2025-07-20,NVDA,427993.0,350330.0,778323.0,419174.0,410179.0
2025-07-20,WM,1024.0,303.0,1327.0,4139.0,2456.0
2025-07-20,TALK,23.0,27.0,50.0,507.0,74.0
2025-07-20,MAPS,3.0,7.0,10.0,26.0,5.0
2025-07-20,PG,3229.0,1608.0,4837.0,12741.0,3372.0
2025-07-20,E,38.0,131.0,169.0,480.0,401.0
2025-07-20,EIX,424.0,433.0,857.0,11795.0,5241.0
2025-07-20,PCG,1417.0,999.0,2416.0,16219.0,3693.0
2025-07-20,JBL,113.0,1240.0,1353.0,1032.0,2527.0
2025-07-20,EPS,5.0,0.0,5.0,10.0,0.0
2025-07-20,PFE,8784.0,6416.0,15200.0,26951.0,52982.0
2025-07-20,B,1074.0,573.0,1647.0,6753.0,1127.0
2025-07-20,JNJ,4827.0,1273.0,6100.0,12875.0,4234.0
2025-07-20,AI,21743.0,2096.0,23839.0,85359.0,8203.0
2025-07-20,ORCL,18114.0,9349.0,27463.0,35804.0,15439.0
2025-07-20,U,9308.0,2020.0,11328.0,31715.0,20140.0
2025-07-20,STT,420.0,181.0,601.0,3519.0,2490.0
2025-07-20,LMT,1893.0,2670.0,4563.0,2410.0,2666.0
2025-07-20,S,385.0,92.0,477.0,6287.0,1154.0
2025-07-20,NVMI,129.0,141.0,270.0,11143.0,2544.0
2025-07-20,MNDY,196.0,140.0,336.0,3522.0,2280.0
2025-07-20,INTU,426.0,342.0,768.0,775.0,609.0
2025-07-20,AVGO,18065.0,16401.0,34466.0,27540.0,28103.0
2025-07-20,PLTR,90183.0,84946.0,175129.0,188937.0,105664.0
2025-07-20,NOW,1770.0,2237.0,4007.0,2868.0,3154.0
2025-07-20,LLY,7080.0,6171.0,13251.0,7674.0,9362.0
2025-07-20,AU,1645.0,499.0,2144.0,9130.0,6839.0
2025-07-20,APP,25175.0,5740.0,30915.0,20525.0,7691.0
2025-07-20,EA,947.0,94.0,1041.0,863.0,848.0
2025-07-20,URBN,138.0,103.0,241.0,170.0,243.0
2025-07-20,FOX,1.0,0.0,1.0,5.0,4.0
2025-07-20,MSFT,49371.0,28138.0,77509.0,88091.0,43014.0
2025-07-20,GOOGL,63728.0,28529.0,92257.0,111691.0,56026.0
2025-07-20,NFLX,75819.0,57349.0,133168.0,22994.0,18454.0
2025-07-20,GE,6793.0,2324.0,9117.0,26868.0,8641.0
2025-07-20,TTE,3376.0,299.0,3675.0,20468.0,6483.0
2025-07-20,CVX,24068.0,13301.0,37369.0,12680.0,10934.0
2025-07-20,PEP,6196.0,5111.0,11307.0,9699.0,11267.0
2025-07-20,CME,882.0,375.0,1257.0,4124.0,3289.0
2025-07-20,FAST,3709.0,375.0,4084.0,12013.0,8546.0
2025-07-20,ZION,261.0,446.0,707.0,1648.0,2427.0
2025-07-20,HON,631.0,174.0,805.0,4670.0,2252.0
2025-07-20,IPO,1.0,0.0,1.0,5.0,0.0
2025-07-20,MS,1725.0,2873.0,4598.0,13925.0,5314.0
2025-07-20,AMZN,119389.0,49611.0,169000.0,159052.0,74986.0
2025-07-20,SOFI,80135.0,34601.0,114736.0,127221.0,87436.0
2025-07-20,SHOP,5627.0,4978.0,10605.0,15465.0,14096.0
2025-07-20,ADBE,4320.0,5102.0,9422.0,9065.0,3326.0
2025-07-20,BABA,91653.0,13967.0,105620.0,57290.0,21667.0
2025-07-20,TSM,19010.0,15355.0,34365.0,35138.0,30798.0
2025-07-20,KHC,1129.0,427.0,1556.0,13254.0,8546.0
2025-07-20,STZ,797.0,437.0,1234.0,987.0,825.0
2025-07-20,CPB,502.0,654.0,1156.0,3252.0,6312.0
2025-07-20,FTCI,16.0,0.0,16.0,24.0,0.0
2025-07-20,PROP,114.0,6.0,120.0,1520.0,37.0
2025-07-20,FTC,120.0,0.0,120.0,120.0,3.0
2025-07-20,ASML,4851.0,4904.0,9755.0,9136.0,6255.0
2025-07-20,TOST,6887.0,5880.0,12767.0,10689.0,5312.0
2025-07-20,ELF,9700.0,1556.0,11256.0,4116.0,1817.0
2025-07-20,RBLX,6715.0,11263.0,17978.0,24786.0,19628.0
2025-07-20,TOUR,39.0,5.0,44.0,468.0,318.0
2025-07-20,STRL,99.0,66.0,165.0,267.0,1701.0
2025-07-20,PRIM,64.0,695.0,759.0,1122.0,833.0
2025-07-20,HDV,829.0,77.0,906.0,7996.0,27.0
2025-07-20,SCHD,493.0,204.0,697.0,1976.0,1207.0
2025-07-20,AM,405.0,562.0,967.0,3026.0,311.0
2025-07-20,AMD,128381.0,60391.0,188772.0,130570.0,71219.0
2025-07-20,ACHR,23220.0,8521.0,31741.0,48270.0,22608.0
2025-07-20,CGNX,1145.0,123.0,1268.0,4488.0,770.0
2025-07-20,FSLR,5399.0,5784.0,11183.0,5758.0,9726.0
2025-07-20,LW,772.0,2364.0,3136.0,35505.0,30822.0
2025-07-20,SAM,25.0,125.0,150.0,391.0,384.0
2025-07-20,ANET,2972.0,1195.0,4167.0,8969.0,5565.0
2025-07-20,LION,116.0,42.0,158.0,464.0,229.0
2025-07-20,DAVE,1077.0,205.0,1282.0,2511.0,1304.0
2025-07-20,VNET,1563.0,510.0,2073.0,14866.0,18553.0
2025-07-20,NEGG,9.0,0.0,9.0,581.0,1.0
2025-07-20,SPH,9.0,21.0,30.0,1120.0,413.0
2025-07-20,ALE,56.0,1.0,57.0,48.0,2.0
2025-07-20,LOGC,6238.0,161.0,6399.0,4450.0,2422.0
2025-07-20,CARG,30.0,259.0,289.0,3653.0,527.0
2025-07-20,WRBY,67.0,18.0,85.0,104.0,220.0
2025-07-20,MDU,0.0,0.0,0.0,1.0,0.0
2025-07-20,PINS,8755.0,753.0,9508.0,15953.0,6864.0
2025-07-20,RAPP,8.0,5.0,13.0,20.0,8.0
2025-07-20,RWAY,2.0,0.0,2.0,8.0,1.0
2025-07-20,JBI,6.0,1.0,7.0,599.0,30.0
2025-07-20,LNZA,5.0,13.0,18.0,6326.0,5023.0
2025-07-20,STNE,323.0,179.0,502.0,752.0,171.0
2025-07-20,RXO,40.0,90.0,130.0,1312.0,19146.0
2025-07-20,XYZ,21744.0,5476.0,27220.0,31483.0,11389.0
2025-07-20,PH,138.0,465.0,603.0,2156.0,1130.0
2025-07-20,KOPN,617.0,25.0,642.0,8248.0,81.0
2025-07-20,GBTG,0.0,0.0,0.0,1.0,0.0
2025-07-20,NWSA,16.0,10.0,26.0,260.0,112.0
2025-07-20,LQDA,3951.0,4403.0,8354.0,16528.0,7359.0
2025-07-20,FA,0.0,0.0,0.0,1.0,4.0
2025-07-20,CGEM,2.0,0.0,2.0,4.0,0.0
2025-07-20,OPRT,11.0,36.0,47.0,3082.0,206.0
2025-07-20,VTRS,742.0,1710.0,2452.0,1984.0,985.0
2025-07-20,ITOS,30.0,40.0,70.0,1034.0,1364.0
2025-07-20,IPSC,0.0,0.0,0.0,1.0,0.0
2025-07-20,INGN,60.0,0.0,60.0,180.0,0.0
2025-07-20,RPD,301.0,1115.0,1416.0,19588.0,2524.0
2025-07-20,NRDY,1.0,0.0,1.0,16.0,0.0
2025-07-20,GTIM,1.0,0.0,1.0,36.0,0.0
2025-07-20,CRNX,33.0,6.0,39.0,1467.0,68.0
2025-07-20,BHF,3379.0,2879.0,6258.0,21541.0,11848.0
2025-07-20,TWLO,1462.0,335.0,1797.0,5805.0,6916.0
2025-07-20,TTD,8649.0,4459.0,13108.0,15987.0,8129.0
2025-07-20,MGTX,12.0,0.0,12.0,71.0,0.0
2025-07-20,BW,251.0,98.0,349.0,9478.0,839.0
2025-07-20,TYRA,3.0,11.0,14.0,25.0,11.0
2025-07-20,MCHP,911.0,487.0,1398.0,9180.0,816.0
2025-07-20,BLND,893.0,238.0,1131.0,5543.0,493.0
2025-07-20,YETI,686.0,646.0,1332.0,4826.0,3514.0
2025-07-20,XAIR,1.0,29.0,30.0,15.0,15.0
2025-07-20,TARS,32.0,946.0,978.0,38.0,67.0
2025-07-20,COMM,710.0,432.0,1142.0,71964.0,26794.0
2025-07-20,VERU,3.0,5.0,8.0,66.0,5596.0
2025-07-20,CODX,5.0,0.0,5.0,16.0,0.0
2025-07-20,ARRY,381.0,187.0,568.0,2624.0,1308.0
2025-07-20,XMTR,65.0,50.0,115.0,392.0,208.0
2025-07-20,NUS,353.0,1.0,354.0,1408.0,5.0
2025-07-20,GLUE,0.0,0.0,0.0,0.0,1.0
2025-07-20,LNT,631.0,1.0,632.0,89.0,11.0
2025-07-20,BKSY,22666.0,1568.0,24234.0,15155.0,13668.0
2025-07-20,IMVT,9.0,0.0,9.0,79.0,1755.0
2025-07-20,HBIO,179.0,2.0,181.0,1087.0,2.0
2025-07-20,VSH,31.0,12.0,43.0,72.0,99.0
2025-07-20,AEYE,116.0,7.0,123.0,177.0,24.0
2025-07-20,TPL,91.0,129.0,220.0,202.0,340.0
2025-07-20,LFWD,9.0,1.0,10.0,224.0,5.0
2025-07-20,HLF,32.0,10.0,42.0,134.0,433.0
2025-07-20,RPTX,0.0,0.0,0.0,0.0,1.0
2025-07-20,SSYS,31.0,0.0,31.0,961.0,3.0
2025-07-20,EVCM,1.0,0.0,1.0,2.0,10.0
2025-07-20,WOW,143.0,6.0,149.0,5018.0,52.0
2025-07-20,SD,7.0,1.0,8.0,46.0,67.0
2025-07-20,AMPY,108.0,12.0,120.0,571.0,307.0
2025-07-20,SITM,101.0,146.0,247.0,884.0,525.0
2025-07-20,CACI,18.0,29.0,47.0,60.0,95.0
2025-07-20,LIVN,21.0,7.0,28.0,35.0,134.0
2025-07-20,HCC,76.0,322.0,398.0,1426.0,901.0
2025-07-20,VRNA,353.0,224.0,577.0,3490.0,5194.0
2025-07-20,CDE,4150.0,173.0,4323.0,4770.0,654.0
2025-07-20,ELEV,7.0,2.0,9.0,120.0,5.0
2025-07-20,STAA,146.0,31.0,177.0,657.0,78.0
2025-07-20,MUR,356.0,207.0,563.0,3069.0,2983.0
2025-07-20,RMBL,2.0,0.0,2.0,2601.0,4.0
2025-07-20,DAY,8.0,30.0,38.0,182.0,36.0
2025-07-20,SPT,14.0,13.0,27.0,105.0,79.0
2025-07-20,GRPN,928.0,701.0,1629.0,1253.0,1486.0
2025-07-20,CW,44.0,49.0,93.0,319.0,60.0
2025-07-20,PLBY,13.0,0.0,13.0,192.0,0.0
2025-07-20,REPL,2791.0,2466.0,5257.0,55613.0,38682.0
2025-07-20,BAM,94.0,47.0,141.0,1302.0,5143.0
2025-07-20,VECO,207.0,38.0,245.0,259.0,50.0
2025-07-20,PSQH,103.0,14.0,117.0,244.0,315.0
2025-07-20,VSTM,111.0,156.0,267.0,1364.0,77.0
2025-07-20,ORGO,1.0,0.0,1.0,63.0,0.0
2025-07-20,NVAX,1912.0,842.0,2754.0,4951.0,663.0
2025-07-20,NL,24.0,27.0,51.0,73.0,133.0
2025-07-20,EBS,25.0,1.0,26.0,90.0,1.0
2025-07-20,TH,216.0,203.0,419.0,491.0,611.0
2025-07-20,EQ,57.0,0.0,57.0,62.0,0.0
2025-07-20,DGII,6.0,0.0,6.0,13.0,0.0
2025-07-20,STEP,12.0,49.0,61.0,20.0,50.0
2025-07-20,RPRX,7.0,3.0,10.0,632.0,1006.0
2025-07-20,ACVA,381.0,140.0,521.0,7237.0,613.0
2025-07-20,LPX,101.0,29.0,130.0,1024.0,843.0
2025-07-20,TBRG,0.0,0.0,0.0,2.0,0.0
2025-07-20,CENX,501.0,82.0,583.0,1856.0,1016.0
2025-07-20,NSA,0.0,7.0,7.0,4.0,13.0
2025-07-20,CTRA,101.0,192.0,293.0,949.0,280.0
2025-07-20,PGR,876.0,70.0,946.0,1378.0,789.0
2025-07-20,TSEM,660.0,128.0,788.0,5938.0,105.0
2025-07-20,DHC,0.0,0.0,0.0,18.0,0.0
2025-07-20,CSTL,11.0,5.0,16.0,19.0,7.0
2025-07-20,CSR,12.0,23.0,35.0,19.0,48.0
2025-07-20,ON,2237.0,906.0,3143.0,5137.0,3220.0
2025-07-20,GSM,45.0,2.0,47.0,11925.0,34.0
2025-07-20,GABC,0.0,0.0,0.0,0.0,50.0
2025-07-20,VNOM,692.0,260.0,952.0,6298.0,3500.0
2025-07-20,ACM,16.0,3.0,19.0,92.0,263.0
2025-07-20,CBT,7.0,4.0,11.0,38.0,3.0
2025-07-20,MASI,20.0,26.0,46.0,57.0,38.0
2025-07-20,SPG,277.0,125.0,402.0,1747.0,1550.0
2025-07-20,BSM,278.0,20.0,298.0,356.0,321.0
2025-07-20,DORM,23.0,23.0,46.0,195.0,51.0
2025-07-20,PTGX,53.0,44.0,97.0,407.0,184.0
2025-07-20,SANM,33.0,17.0,50.0,116.0,276.0
2025-07-20,CTRM,0.0,0.0,0.0,1.0,0.0
2025-07-20,VRTX,204.0,257.0,461.0,525.0,454.0
2025-07-20,RIG,319.0,124.0,443.0,3767.0,2289.0
2025-07-20,IAC,38.0,37.0,75.0,1656.0,181.0
2025-07-20,AESI,56.0,52.0,108.0,1148.0,1040.0
2025-07-20,NCMI,1.0,10.0,11.0,8.0,50.0
2025-07-20,ENR,135.0,68.0,203.0,908.0,684.0
2025-07-20,HYMC,183.0,21.0,204.0,2866.0,651.0
2025-07-20,CRC,15.0,3.0,18.0,30.0,17.0
2025-07-20,ICHR,73.0,176.0,249.0,805.0,281.0
2025-07-20,RHP,1.0,0.0,1.0,13.0,10.0
2025-07-20,TDUP,439.0,15.0,454.0,777.0,323.0
2025-07-20,FGEN,302.0,1.0,303.0,418.0,20.0
2025-07-20,LSCC,23.0,34.0,57.0,2093.0,1024.0
2025-07-20,CGBD,22.0,7.0,29.0,562.0,158.0
2025-07-20,AMG,9.0,5.0,14.0,21.0,12.0
2025-07-20,META,98096.0,38072.0,136168.0,72084.0,39603.0
2025-07-20,GOOG,54185.0,14306.0,68491.0,50924.0,24857.0
2025-07-20,PRM,83.0,15.0,98.0,789.0,23.0
2025-07-20,AMCX,22.0,2.0,24.0,250.0,227.0
2025-07-20,AKRO,3021.0,131.0,3152.0,11952.0,6723.0
2025-07-20,ENTX,47.0,1.0,48.0,73.0,2.0
2025-07-20,FRHC,4.0,89.0,93.0,11.0,150.0
2025-07-20,TWIN,0.0,0.0,0.0,1.0,0.0
2025-07-20,SELF,0.0,0.0,0.0,0.0,4.0
2025-07-20,BOC,14.0,1.0,15.0,614.0,110.0
2025-07-20,AUTL,200.0,0.0,200.0,304.0,0.0
2025-07-20,SLVM,40.0,31.0,71.0,139.0,73.0
2025-07-20,IRON,1.0,100.0,101.0,4330.0,250.0
2025-07-20,CSIQ,204.0,399.0,603.0,1486.0,808.0
2025-07-20,SPB,5.0,1.0,6.0,11.0,2.0
2025-07-20,UP,93.0,4.0,97.0,3254.0,14.0
2025-07-20,GTN,266.0,14.0,280.0,1340.0,517.0
2025-07-20,ESNT,3.0,1.0,4.0,37.0,6.0
2025-07-20,CAAS,3.0,2.0,5.0,542.0,15.0
2025-07-20,OMEX,547.0,156.0,703.0,948.0,503.0
2025-07-20,BTDR,10112.0,404.0,10516.0,2870.0,2195.0
2025-07-20,BATRA,29.0,54.0,83.0,287.0,384.0
2025-07-20,AMR,353.0,201.0,554.0,1571.0,1968.0
2025-07-20,ELTX,50.0,0.0,50.0,53.0,0.0
2025-07-20,AIRS,87.0,1.0,88.0,187.0,171.0
2025-07-20,NMTC,12.0,0.0,12.0,40.0,0.0
2025-07-20,TSAT,64.0,8.0,72.0,347.0,294.0
2025-07-20,WEN,2937.0,363.0,3300.0,22502.0,54610.0
2025-07-20,FET,13.0,0.0,13.0,21.0,4.0
2025-07-20,NGNE,10.0,1.0,11.0,194.0,126.0
2025-07-20,CLMT,551.0,82.0,633.0,1320.0,208.0
2025-07-20,LAMR,26.0,5.0,31.0,182.0,71.0
2025-07-20,ATGE,56.0,99.0,155.0,1180.0,268.0
2025-07-20,LNG,8820.0,4982.0,13802.0,1651.0,879.0
2025-07-20,EPIX,10.0,0.0,10.0,246.0,0.0
2025-07-20,CHMI,1.0,9.0,10.0,7.0,9.0
2025-07-20,MAX,19.0,9.0,28.0,377.0,70.0
2025-07-20,CRL,67.0,324.0,391.0,1835.0,1263.0
2025-07-20,HYFM,200.0,10.0,210.0,0.0,0.0
2025-07-20,CBIO,592.0,21.0,613.0,74.0,2396.0
2025-07-20,HP,81.0,160.0,241.0,667.0,831.0
2025-07-20,NN,13846.0,625.0,14471.0,39008.0,2431.0
2025-07-20,VCYT,16.0,0.0,16.0,43.0,0.0
2025-07-20,DRIO,0.0,0.0,0.0,1.0,0.0
2025-07-20,CCCC,101.0,10.0,111.0,166.0,11.0
2025-07-20,OBDC,81.0,1.0,82.0,1824.0,50.0
2025-07-20,MCD,2817.0,2043.0,4860.0,7717.0,8228.0
2025-07-20,ABNB,8402.0,2848.0,11250.0,4053.0,7344.0
2025-07-20,CHRD,142.0,32.0,174.0,810.0,299.0
2025-07-20,GPRK,21.0,2.0,23.0,41.0,8.0
2025-07-20,WIX,212.0,155.0,367.0,2433.0,1153.0
2025-07-20,EARN,0.0,1.0,1.0,0.0,2.0
2025-07-20,AGO,9.0,7.0,16.0,13.0,9.0
2025-07-20,MET,273.0,140.0,413.0,2705.0,4022.0
2025-07-20,TNDM,419.0,169.0,588.0,3005.0,1092.0
2025-07-20,NAGE,922.0,1834.0,2756.0,2876.0,5431.0
2025-07-20,ALIT,76.0,628.0,704.0,17747.0,19421.0
2025-07-20,GEO,321.0,945.0,1266.0,3127.0,2932.0
2025-07-20,INVZ,1818.0,484.0,2302.0,8767.0,1823.0
2025-07-20,UAA,200.0,70.0,270.0,4769.0,5163.0
2025-07-20,OMER,206.0,241.0,447.0,9676.0,2207.0
2025-07-20,TELA,0.0,1.0,1.0,2.0,2.0
2025-07-20,HOOK,1.0,4.0,5.0,1.0,4.0
2025-07-20,UGI,81.0,23.0,104.0,183.0,205.0
2025-07-20,HMN,18.0,0.0,18.0,100.0,0.0
2025-07-20,AVA,15.0,0.0,15.0,18.0,1.0
2025-07-20,GNL,5.0,21.0,26.0,305.0,27.0
2025-07-20,ONL,30.0,1.0,31.0,90.0,1.0
2025-07-20,NYT,10.0,682.0,692.0,960.0,207.0
2025-07-20,NOMD,10.0,6.0,16.0,336.0,79.0
2025-07-20,SILA,0.0,0.0,0.0,0.0,4.0
2025-07-20,ACMR,460.0,187.0,647.0,9822.0,6400.0
2025-07-20,CXW,278.0,52.0,330.0,1115.0,1091.0
2025-07-20,MNOV,0.0,0.0,0.0,40.0,0.0
2025-07-20,EVGO,566.0,22.0,588.0,17488.0,3291.0
2025-07-20,DIN,65.0,7.0,72.0,150.0,225.0
2025-07-20,RVMD,313.0,234.0,547.0,894.0,640.0
2025-07-20,EHC,141.0,1.0,142.0,1023.0,69.0
2025-07-20,CAR,481.0,485.0,966.0,811.0,1347.0
2025-07-20,SOHU,13.0,0.0,13.0,16.0,1.0
2025-07-20,BCYC,12.0,0.0,12.0,64.0,14.0
2025-07-20,ANGI,45.0,62.0,107.0,999.0,1205.0
2025-07-20,SNCR,15.0,0.0,15.0,31.0,0.0
2025-07-20,MVBF,10.0,0.0,10.0,13.0,0.0
2025-07-20,TREX,63.0,109.0,172.0,336.0,743.0
2025-07-20,SHIP,11.0,15.0,26.0,96.0,30.0
2025-07-20,VTS,61.0,5.0,66.0,171.0,42.0
2025-07-20,BCC,10.0,23.0,33.0,50.0,65.0
2025-07-20,BWXT,354.0,65.0,419.0,3235.0,1161.0
2025-07-20,JRVR,20.0,13.0,33.0,1480.0,141.0
2025-07-20,BSY,297.0,28.0,325.0,3971.0,1777.0
2025-07-20,GBDC,96.0,48.0,144.0,1557.0,690.0
2025-07-20,AMRC,21.0,69.0,90.0,324.0,296.0
2025-07-20,SKT,37.0,8.0,45.0,168.0,23.0
2025-07-20,AQMS,5.0,0.0,5.0,527.0,15.0
2025-07-20,LTC,250.0,57.0,307.0,749.0,1694.0
2025-07-20,BMEA,10.0,250.0,260.0,121.0,250.0
2025-07-20,AXSM,87.0,122.0,209.0,898.0,255.0
2025-07-20,LDI,8505.0,91.0,8596.0,4805.0,32.0
2025-07-20,VVX,26.0,7.0,33.0,200.0,27.0
2025-07-20,OPAD,97.0,5.0,102.0,2707.0,78.0
2025-07-20,L,15.0,8.0,23.0,198.0,53.0
2025-07-20,HSII,5.0,0.0,5.0,5.0,0.0
2025-07-20,DVAX,65.0,4.0,69.0,734.0,60.0
2025-07-20,CRBG,133.0,85.0,218.0,1352.0,84.0
2025-07-20,TSN,128.0,200.0,328.0,2132.0,1861.0
2025-07-20,ADTN,482.0,354.0,836.0,2784.0,1159.0
2025-07-20,CNA,30.0,15.0,45.0,90.0,77.0
2025-07-20,KOS,1437.0,511.0,1948.0,1099.0,784.0
2025-07-20,AWR,4.0,2.0,6.0,24.0,2.0
2025-07-20,ANDE,3.0,2.0,5.0,12.0,16.0
2025-07-20,CTRI,13.0,5.0,18.0,151.0,88.0
2025-07-20,BHVN,171.0,203.0,374.0,2002.0,1063.0
2025-07-20,OTTR,0.0,1.0,1.0,1.0,5.0
2025-07-20,AZN,440.0,158.0,598.0,8787.0,646.0
2025-07-20,ASND,146.0,7.0,153.0,211.0,1369.0
2025-07-20,NAMS,93.0,22.0,115.0,927.0,659.0
2025-07-20,APLS,975.0,614.0,1589.0,4417.0,508.0
2025-07-20,PTCT,360.0,207.0,567.0,2388.0,695.0
2025-07-20,CRDF,652.0,296.0,948.0,26394.0,7860.0
2025-07-20,REGN,152.0,96.0,248.0,380.0,336.0
2025-07-20,ELDN,390.0,15.0,405.0,3184.0,5.0
2025-07-20,LENZ,53.0,1.0,54.0,4125.0,1.0
2025-07-20,INSM,691.0,728.0,1419.0,19076.0,13888.0
2025-07-20,KINS,130.0,45.0,175.0,2810.0,181.0
2025-07-20,TGNA,22.0,0.0,22.0,204.0,1.0
2025-07-20,CORZ,23350.0,2318.0,25668.0,52729.0,26551.0
2025-07-20,SPRO,54.0,19.0,73.0,54.0,240.0
2025-07-20,ATNI,0.0,0.0,0.0,0.0,1.0
2025-07-20,GETY,158.0,8.0,166.0,2347.0,586.0
2025-07-20,BLFS,1.0,2.0,3.0,6.0,2.0
2025-07-20,QSR,28.0,55.0,83.0,188.0,196.0
2025-07-20,HOWL,16.0,0.0,16.0,2.0,0.0
2025-07-20,ASPN,73.0,12.0,85.0,167.0,99.0
2025-07-20,GMED,156.0,17.0,173.0,1125.0,588.0
2025-07-20,ORGN,43.0,7.0,50.0,1385.0,712.0
2025-07-20,EYE,163.0,8.0,171.0,344.0,117.0
2025-07-20,TRUP,70.0,161.0,231.0,1928.0,1722.0
2025-07-20,KTB,36.0,10.0,46.0,134.0,124.0
2025-07-20,EOG,257.0,381.0,638.0,1029.0,1614.0
2025-07-20,INGM,1.0,0.0,1.0,3.0,14.0
2025-07-20,SABR,154.0,213.0,367.0,6631.0,18444.0
2025-07-20,DBRG,23.0,10.0,33.0,1551.0,681.0
2025-07-20,TXG,238.0,95.0,333.0,6276.0,1251.0
2025-07-20,CPRI,501.0,409.0,910.0,847.0,984.0
2025-07-20,HCI,148.0,39.0,187.0,181.0,199.0
2025-07-20,DOCS,675.0,320.0,995.0,7269.0,8037.0
2025-07-20,PX,1.0,0.0,1.0,315.0,0.0
2025-07-20,IAS,1.0,10.0,11.0,0.0,4.0
2025-07-20,OS,252.0,49.0,301.0,1495.0,299.0
2025-07-20,WLDN,74.0,42.0,116.0,582.0,254.0
2025-07-20,BBDC,8.0,1.0,9.0,40.0,23.0
2025-07-20,INVE,5.0,0.0,5.0,10.0,0.0
2025-07-20,XENE,1.0,2.0,3.0,984.0,7.0
2025-07-20,ARBE,1309.0,280.0,1589.0,23811.0,2034.0
2025-07-20,UMH,0.0,10.0,10.0,0.0,10.0
2025-07-20,RPAY,0.0,1.0,1.0,0.0,1.0
2025-07-20,CMBM,0.0,103.0,103.0,0.0,4.0
2025-07-20,MNTK,1.0,0.0,1.0,15.0,15.0
2025-07-20,UTI,43.0,43.0,86.0,170.0,1099.0
2025-07-20,VFF,69.0,7.0,76.0,233.0,8.0
2025-07-20,MBC,5.0,118.0,123.0,105.0,176.0
2025-07-20,ADNT,46.0,11.0,57.0,5446.0,65.0
2025-07-20,MRSN,327.0,13.0,340.0,1532.0,137.0
2025-07-20,ICAD,0.0,0.0,0.0,8.0,0.0
2025-07-20,RGLD,549.0,231.0,780.0,5151.0,2888.0
2025-07-20,ACRS,819.0,14.0,833.0,1656.0,15.0
2025-07-20,PLYM,14.0,8.0,22.0,82.0,106.0
2025-07-20,JACK,147.0,72.0,219.0,2987.0,698.0
2025-07-20,PSNL,20.0,142.0,162.0,177.0,314.0
2025-07-20,HIMX,218.0,99.0,317.0,3441.0,427.0
2025-07-20,KG,0.0,0.0,0.0,0.0,0.0
2025-07-20,APLE,106.0,9.0,115.0,458.0,119.0
2025-07-20,CIVI,493.0,222.0,715.0,24800.0,2829.0
2025-07-20,TNYA,22.0,10.0,32.0,822.0,12.0
2025-07-20,VSAT,1345.0,246.0,1591.0,8868.0,16853.0
2025-07-20,EGY,196.0,31.0,227.0,2546.0,54.0
2025-07-20,PRGO,41.0,117.0,158.0,12756.0,1414.0
2025-07-20,MQ,32.0,8.0,40.0,1183.0,394.0
2025-07-20,ACTG,110.0,10.0,120.0,3269.0,693.0
2025-07-20,MXCT,100.0,0.0,100.0,208.0,0.0
2025-07-20,CLDT,2.0,11.0,13.0,14.0,23.0
2025-07-20,ENS,13.0,18.0,31.0,51.0,90.0
2025-07-20,BGSF,1.0,0.0,1.0,1.0,1.0
2025-07-20,PNW,7.0,10.0,17.0,109.0,44.0
2025-07-20,GENI,4019.0,214.0,4233.0,4126.0,794.0
2025-07-20,LEGH,4.0,0.0,4.0,8.0,0.0
2025-07-20,SIEB,12.0,6.0,18.0,73.0,82.0
2025-07-20,AEVA,1353.0,421.0,1774.0,3590.0,2231.0
2025-07-20,AXGN,125.0,2.0,127.0,259.0,22.0
2025-07-20,FWONA,4.0,1.0,5.0,51.0,4.0
2025-07-20,CXT,11.0,13.0,24.0,72.0,34.0
2025-07-20,BCO,15.0,16.0,31.0,135.0,49.0
2025-07-20,INSW,11.0,61.0,72.0,215.0,46.0
2025-07-20,AMPL,4048.0,51.0,4099.0,6990.0,238.0
2025-07-20,RAPT,136.0,31.0,167.0,485.0,46.0
2025-07-20,ACIC,41.0,18.0,59.0,772.0,393.0
2025-07-20,BTAI,0.0,0.0,0.0,1.0,0.0
2025-07-20,NVTS,12273.0,692.0,12965.0,15397.0,7436.0
2025-07-20,RIGL,43.0,3.0,46.0,68.0,9.0
2025-07-20,KIDS,0.0,0.0,0.0,2.0,0.0
2025-07-20,STEM,543.0,575.0,1118.0,301.0,486.0
2025-07-20,WMB,315.0,447.0,762.0,6527.0,10711.0
2025-07-20,KPTI,68.0,2596.0,2664.0,366.0,4020.0
2025-07-20,SBAC,5.0,13.0,18.0,182.0,120.0
2025-07-20,BNTX,70.0,29.0,99.0,1496.0,786.0
2025-07-20,IDXX,58.0,107.0,165.0,117.0,802.0
2025-07-20,PLOW,9.0,14.0,23.0,129.0,113.0
2025-07-20,EVER,4.0,21.0,25.0,45.0,72.0
2025-07-20,CRBP,6.0,100.0,106.0,34.0,101.0
2025-07-20,ACNT,1.0,0.0,1.0,1.0,0.0
2025-07-20,HIMS,29193.0,13673.0,42866.0,32460.0,32676.0
2025-07-20,NMFC,116.0,20.0,136.0,134.0,38.0
2025-07-20,AL,53.0,23.0,76.0,6166.0,2545.0
2025-07-20,EQR,18.0,35.0,53.0,377.0,155.0
2025-07-20,NJR,13.0,1.0,14.0,207.0,229.0
2025-07-20,CRGY,16.0,23.0,39.0,2917.0,331.0
2025-07-20,WAT,209.0,42.0,251.0,372.0,239.0
2025-07-20,SEMR,3.0,1.0,4.0,32.0,4.0
2025-07-20,RGCO,3.0,0.0,3.0,9.0,0.0
2025-07-20,CLBR,9489.0,4522.0,14011.0,26757.0,17967.0
2025-07-20,AKYA,0.0,0.0,0.0,4.0,2.0
2025-07-20,W,605.0,536.0,1141.0,3986.0,2384.0
2025-07-20,ADUS,64.0,11.0,75.0,219.0,83.0
2025-07-20,GAIA,9.0,2.0,11.0,87.0,0.0
2025-07-20,VMEO,21.0,1.0,22.0,76.0,10.0
2025-07-20,SOND,11.0,1.0,12.0,76.0,172.0
2025-07-20,OUT,98.0,11.0,109.0,262.0,12.0
2025-07-20,PRAA,14.0,1.0,15.0,26.0,12.0
2025-07-20,FUN,1778.0,110.0,1888.0,8021.0,4228.0
2025-07-20,AHH,84.0,3.0,87.0,1187.0,549.0
2025-07-20,BRBR,616.0,302.0,918.0,46834.0,15731.0
2025-07-20,TRNS,160.0,3.0,163.0,572.0,7.0
2025-07-22,TW,522.0,57.0,579.0,2163.0,467.0
2025-07-22,NVDA,436567.0,360482.0,797049.0,565395.0,550302.0
2025-07-22,WM,577.0,841.0,1418.0,4895.0,2661.0
2025-07-22,TALK,31.0,2.0,33.0,519.0,72.0
2025-07-22,MAPS,3.0,1.0,4.0,29.0,5.0
2025-07-22,PG,2578.0,1854.0,4432.0,13668.0,5280.0
2025-07-22,E,25.0,131.0,156.0,481.0,401.0
2025-07-22,EIX,1143.0,410.0,1553.0,11818.0,5454.0
2025-07-22,PCG,2322.0,1352.0,3674.0,16858.0,4156.0
2025-07-22,JBL,257.0,212.0,469.0,1085.0,3522.0
2025-07-22,EPS,5.0,0.0,5.0,10.0,0.0
2025-07-22,PFE,13873.0,10367.0,24240.0,29857.0,56223.0
2025-07-22,B,3190.0,446.0,3636.0,7257.0,1667.0
2025-07-22,JNJ,5393.0,2550.0,7943.0,14617.0,4468.0
2025-07-22,AI,17592.0,7105.0,24697.0,98596.0,8352.0
2025-07-22,ORCL,21131.0,8935.0,30066.0,42173.0,21860.0
2025-07-22,U,12199.0,9390.0,21589.0,46282.0,33783.0
2025-07-22,STT,399.0,164.0,563.0,3494.0,2475.0
2025-07-22,LMT,6019.0,9325.0,15344.0,3489.0,4644.0
2025-07-22,S,23957.0,3477.0,27434.0,6408.0,1176.0
2025-07-22,NVMI,161.0,141.0,302.0,11145.0,2547.0
2025-07-22,MNDY,288.0,265.0,553.0,3559.0,2279.0
2025-07-22,INTU,439.0,727.0,1166.0,823.0,856.0
2025-07-22,AVGO,36657.0,24131.0,60788.0,33204.0,35739.0
2025-07-22,PLTR,129001.0,101396.0,230397.0,204795.0,122493.0
2025-07-22,NOW,2832.0,3692.0,6524.0,4069.0,4785.0
2025-07-22,LLY,7131.0,6348.0,13479.0,9882.0,12408.0
2025-07-22,AU,1221.0,805.0,2026.0,10426.0,6849.0
2025-07-22,APP,23506.0,13262.0,36768.0,30198.0,10882.0
2025-07-22,EA,482.0,80.0,562.0,1732.0,900.0
2025-07-22,URBN,258.0,115.0,373.0,249.0,314.0
2025-07-22,FOX,9.0,2.0,11.0,7.0,4.0
2025-07-22,MSFT,47513.0,35298.0,82811.0,113395.0,46385.0
2025-07-22,GOOGL,120206.0,46444.0,166650.0,131021.0,67994.0
2025-07-22,NFLX,55344.0,55441.0,110785.0,50130.0,32280.0
2025-07-22,GE,6052.0,3737.0,9789.0,27856.0,9752.0
2025-07-22,TTE,298.0,281.0,579.0,23606.0,6579.0
2025-07-22,CVX,11186.0,3474.0,14660.0,26215.0,15455.0
2025-07-22,PEP,7012.0,4086.0,11098.0,12079.0,12128.0
2025-07-22,CME,1035.0,319.0,1354.0,4340.0,3359.0
2025-07-22,FAST,865.0,488.0,1353.0,14231.0,8540.0
2025-07-22,ZION,815.0,758.0,1573.0,1865.0,2775.0
2025-07-22,HON,955.0,1261.0,2216.0,5053.0,2324.0
2025-07-22,IPO,1.0,0.0,1.0,5.0,0.0
2025-07-22,MS,4819.0,1943.0,6762.0,14529.0,7322.0
2025-07-22,AMZN,203507.0,79492.0,282999.0,171221.0,93409.0
2025-07-22,SOFI,71124.0,45769.0,116893.0,141935.0,97009.0
2025-07-22,SHOP,10693.0,6849.0,17542.0,17244.0,15077.0
2025-07-22,ADBE,6047.0,5657.0,11704.0,10129.0,5743.0
2025-07-22,BABA,50446.0,13122.0,63568.0,85045.0,26264.0
2025-07-22,TSM,18840.0,10872.0,29712.0,37566.0,36739.0
2025-07-22,KHC,2758.0,1860.0,4618.0,13595.0,8731.0
2025-07-22,STZ,894.0,459.0,1353.0,1523.0,1036.0
2025-07-22,CPB,1534.0,524.0,2058.0,3535.0,6590.0
2025-07-22,FTCI,2.0,0.0,2.0,24.0,10.0
2025-07-22,PROP,181.0,15.0,196.0,1536.0,37.0
2025-07-22,FTC,120.0,0.0,120.0,120.0,3.0
2025-07-22,ASML,5392.0,6115.0,11507.0,10700.0,8360.0
2025-07-22,TOST,7592.0,3561.0,11153.0,12092.0,8657.0
2025-07-22,ELF,5794.0,3062.0,8856.0,10803.0,2912.0
2025-07-22,RBLX,21914.0,18840.0,40754.0,39882.0,25425.0
2025-07-22,TOUR,39.0,5.0,44.0,468.0,318.0
2025-07-22,STRL,70.0,78.0,148.0,298.0,1736.0
2025-07-22,PRIM,108.0,141.0,249.0,1137.0,839.0
2025-07-22,HDV,849.0,77.0,926.0,7996.0,28.0
2025-07-22,SCHD,393.0,248.0,641.0,2156.0,1307.0
2025-07-22,AM,132.0,46.0,178.0,3371.0,852.0
2025-07-22,AMD,214096.0,101517.0,315613.0,178591.0,85147.0
2025-07-22,ACHR,34196.0,26344.0,60540.0,50666.0,25481.0
2025-07-22,CGNX,313.0,64.0,377.0,4612.0,865.0
2025-07-22,FSLR,4323.0,3096.0,7419.0,8990.0,13718.0
2025-07-22,LW,1264.0,1016.0,2280.0,35847.0,32611.0
2025-07-22,SAM,70.0,139.0,209.0,405.0,461.0
2025-07-22,ANET,4318.0,1358.0,5676.0,9165.0,6477.0
2025-07-22,LION,101.0,35.0,136.0,554.0,229.0
2025-07-22,DAVE,1143.0,720.0,1863.0,3281.0,1358.0
2025-07-22,VNET,1616.0,108.0,1724.0,15837.0,18619.0
2025-07-22,NEGG,9.0,0.0,9.0,581.0,1.0
2025-07-22,SPH,12.0,12.0,24.0,1120.0,413.0
2025-07-22,ALE,56.0,1.0,57.0,48.0,2.0
2025-07-22,LOGC,5790.0,161.0,5951.0,4450.0,2422.0
2025-07-22,CARG,49.0,257.0,306.0,3650.0,528.0
2025-07-22,WRBY,84.0,17.0,101.0,111.0,220.0
2025-07-22,MDU,7.0,0.0,7.0,1.0,0.0
2025-07-22,PINS,12096.0,3173.0,15269.0,18168.0,7346.0
2025-07-22,RAPP,8.0,5.0,13.0,20.0,10.0
2025-07-22,RWAY,2.0,0.0,2.0,11.0,1.0
2025-07-22,JBI,7.0,3.0,10.0,599.0,31.0
2025-07-22,LNZA,70.0,66.0,136.0,6328.0,5023.0
2025-07-22,STNE,270.0,117.0,387.0,792.0,240.0
2025-07-22,RXO,45.0,90.0,135.0,1311.0,19146.0
2025-07-22,XYZ,90790.0,25621.0,116411.0,44422.0,15406.0
2025-07-22,PH,142.0,125.0,267.0,2149.0,1345.0
2025-07-22,KOPN,2692.0,378.0,3070.0,12846.0,1050.0
2025-07-22,GBTG,0.0,0.0,0.0,1.0,0.0
2025-07-22,NWSA,5.0,12.0,17.0,266.0,116.0
2025-07-22,LQDA,5505.0,2827.0,8332.0,18325.0,11630.0
2025-07-22,FA,0.0,0.0,0.0,5.0,4.0
2025-07-22,CGEM,2.0,0.0,2.0,4.0,0.0
2025-07-22,OPRT,7.0,36.0,43.0,3083.0,207.0
2025-07-22,VTRS,1057.0,266.0,1323.0,2584.0,2391.0
2025-07-22,ITOS,229.0,512.0,741.0,1039.0,1364.0
2025-07-22,IPSC,0.0,0.0,0.0,1.0,0.0
2025-07-22,INGN,11.0,0.0,11.0,181.0,5.0
2025-07-22,RPD,233.0,1125.0,1358.0,19779.0,2528.0
2025-07-22,NRDY,4.0,0.0,4.0,16.0,20.0
2025-07-22,GTIM,1.0,0.0,1.0,36.0,0.0
2025-07-22,CRNX,40.0,6.0,46.0,1467.0,68.0
2025-07-22,BHF,863.0,1354.0,2217.0,22189.0,13358.0
2025-07-22,TWLO,1478.0,780.0,2258.0,8543.0,7084.0
2025-07-22,TTD,10757.0,7551.0,18308.0,18955.0,11258.0
2025-07-22,MGTX,12.0,0.0,12.0,71.0,0.0
2025-07-22,BW,297.0,490.0,787.0,9637.0,935.0
2025-07-22,TYRA,3.0,11.0,14.0,25.0,11.0
2025-07-22,MCHP,2048.0,4244.0,6292.0,9476.0,1162.0
2025-07-22,BLND,890.0,238.0,1128.0,5542.0,693.0
2025-07-22,YETI,3240.0,507.0,3747.0,5183.0,3599.0
2025-07-22,XAIR,1.0,29.0,30.0,15.0,15.0
2025-07-22,TARS,33.0,2.0,35.0,78.0,1015.0
2025-07-22,COMM,1084.0,348.0,1432.0,72473.0,26914.0
2025-07-22,VERU,3.0,5.0,8.0,66.0,5596.0
2025-07-22,CODX,8.0,0.0,8.0,16.0,0.0
2025-07-22,ARRY,681.0,322.0,1003.0,2873.0,1455.0
2025-07-22,XMTR,80.0,57.0,137.0,417.0,253.0
2025-07-22,NUS,355.0,1.0,356.0,1758.0,5.0
2025-07-22,GLUE,19.0,0.0,19.0,1.0,1.0
2025-07-22,LNT,72.0,1.0,73.0,684.0,12.0
2025-07-22,BKSY,9762.0,654.0,10416.0,28543.0,13835.0
2025-07-22,IMVT,11.0,0.0,11.0,123.0,1815.0
2025-07-22,HBIO,179.0,2.0,181.0,1240.0,3.0
2025-07-22,VSH,32.0,12.0,44.0,75.0,99.0
2025-07-22,AEYE,125.0,7.0,132.0,177.0,24.0
2025-07-22,TPL,95.0,219.0,314.0,259.0,648.0
2025-07-22,LFWD,104.0,4.0,108.0,228.0,9.0
2025-07-22,HLF,60.0,12.0,72.0,161.0,438.0
2025-07-22,RPTX,3.0,0.0,3.0,186.0,1.0
2025-07-22,SSYS,274.0,0.0,274.0,991.0,2.0
2025-07-22,EVCM,0.0,0.0,0.0,50.0,0.0
2025-07-22,WOW,124.0,6.0,130.0,5018.0,52.0
2025-07-22,SD,7.0,9.0,16.0,46.0,72.0
2025-07-22,AMPY,82.0,2.0,84.0,580.0,307.0
2025-07-22,SITM,100.0,152.0,252.0,893.0,526.0
2025-07-22,CACI,23.0,20.0,43.0,62.0,103.0
2025-07-22,LIVN,21.0,7.0,28.0,35.0,134.0
2025-07-22,HCC,162.0,153.0,315.0,1409.0,780.0
2025-07-22,VRNA,137.0,262.0,399.0,3452.0,5283.0
2025-07-22,CDE,1093.0,281.0,1374.0,8566.0,785.0
2025-07-22,ELEV,7.0,2.0,9.0,120.0,5.0
2025-07-22,STAA,274.0,41.0,315.0,657.0,83.0
2025-07-22,MUR,619.0,95.0,714.0,3287.0,3055.0
2025-07-22,RMBL,2.0,0.0,2.0,2603.0,4.0
2025-07-22,DAY,10.0,34.0,44.0,182.0,57.0
2025-07-22,SPT,9.0,4.0,13.0,109.0,90.0
2025-07-22,GRPN,351.0,470.0,821.0,1891.0,1724.0
2025-07-22,CW,53.0,49.0,102.0,319.0,63.0
2025-07-22,PLBY,9.0,0.0,9.0,199.0,0.0
2025-07-22,REPL,6569.0,5134.0,11703.0,56557.0,39834.0
2025-07-22,BAM,131.0,68.0,199.0,1707.0,5155.0
2025-07-22,VECO,174.0,36.0,210.0,267.0,52.0
2025-07-22,PSQH,158.0,13.0,171.0,288.0,313.0
2025-07-22,VSTM,301.0,117.0,418.0,1437.0,168.0
2025-07-22,ORGO,22.0,0.0,22.0,67.0,27.0
2025-07-22,NVAX,2080.0,865.0,2945.0,6189.0,1244.0
2025-07-22,NL,24.0,27.0,51.0,73.0,133.0
2025-07-22,EBS,9.0,4.0,13.0,91.0,1.0
2025-07-22,TH,136.0,103.0,239.0,393.0,811.0
2025-07-22,EQ,57.0,22.0,79.0,62.0,6.0
2025-07-22,DGII,6.0,0.0,6.0,13.0,0.0
2025-07-22,STEP,12.0,49.0,61.0,32.0,50.0
2025-07-22,RPRX,110.0,1.0,111.0,639.0,1012.0
2025-07-22,ACVA,240.0,166.0,406.0,7333.0,613.0
2025-07-22,LPX,74.0,26.0,100.0,1022.0,859.0
2025-07-22,TBRG,0.0,0.0,0.0,2.0,0.0
2025-07-22,CENX,1219.0,526.0,1745.0,2045.0,1014.0
2025-07-22,NSA,12.0,6.0,18.0,4.0,13.0
2025-07-22,CTRA,225.0,285.0,510.0,1099.0,589.0
2025-07-22,PGR,216.0,188.0,404.0,2093.0,859.0
2025-07-22,TSEM,1855.0,83.0,1938.0,6026.0,161.0
2025-07-22,DHC,0.0,0.0,0.0,18.0,0.0
2025-07-22,CSTL,21.0,5.0,26.0,19.0,9.0
2025-07-22,CSR,1.0,0.0,1.0,5.0,0.0
2025-07-22,ON,8367.0,12950.0,21317.0,6502.0,3762.0
2025-07-22,GSM,4.0,2.0,6.0,11922.0,37.0
2025-07-22,GABC,0.0,0.0,0.0,20.0,50.0
2025-07-22,VNOM,1189.0,224.0,1413.0,6835.0,3634.0
2025-07-22,ACM,48.0,4.0,52.0,101.0,263.0
2025-07-22,CBT,29.0,4.0,33.0,46.0,7.0
2025-07-22,MASI,20.0,26.0,46.0,67.0,52.0
2025-07-22,SPG,445.0,146.0,591.0,1905.0,1587.0
2025-07-22,BSM,81.0,8.0,89.0,683.0,340.0
2025-07-22,DORM,23.0,23.0,46.0,195.0,51.0
2025-07-22,PTGX,36.0,61.0,97.0,427.0,184.0
2025-07-22,SANM,19.0,786.0,805.0,129.0,277.0
2025-07-22,CTRM,9.0,0.0,9.0,4.0,1.0
2025-07-22,VRTX,205.0,261.0,466.0,732.0,664.0
2025-07-22,RIG,399.0,180.0,579.0,3984.0,2288.0
2025-07-22,IAC,48.0,14.0,62.0,1654.0,183.0
2025-07-22,AESI,95.0,208.0,303.0,1150.0,1067.0
2025-07-22,NCMI,1.0,10.0,11.0,8.0,50.0
2025-07-22,ENR,194.0,140.0,334.0,932.0,701.0
2025-07-22,HYMC,164.0,28.0,192.0,2876.0,653.0
2025-07-22,CRC,518.0,22.0,540.0,45.0,40.0
2025-07-22,ICHR,77.0,176.0,253.0,806.0,281.0
2025-07-22,RHP,12.0,1.0,13.0,13.0,16.0
2025-07-22,TDUP,476.0,216.0,692.0,1134.0,337.0
2025-07-22,FGEN,302.0,1.0,303.0,418.0,20.0
2025-07-22,LSCC,167.0,47.0,214.0,2107.0,1029.0
2025-07-22,CGBD,22.0,7.0,29.0,562.0,158.0
2025-07-22,AMG,8.0,6.0,14.0,21.0,16.0
2025-07-22,META,133404.0,47694.0,181098.0,93690.0,46463.0
2025-07-22,GOOG,62665.0,39975.0,102640.0,78048.0,31577.0
2025-07-22,FLD,15.0,0.0,15.0,31.0,0.0
2025-07-22,PRM,39.0,6.0,45.0,829.0,24.0
2025-07-22,AMCX,12.0,2.0,14.0,250.0,227.0
2025-07-22,AKRO,2952.0,56.0,3008.0,14605.0,6778.0
2025-07-22,ENTX,46.0,1.0,47.0,73.0,2.0
2025-07-22,FRHC,6.0,104.0,110.0,48.0,211.0
2025-07-22,TWIN,0.0,0.0,0.0,1.0,0.0
2025-07-22,SELF,0.0,0.0,0.0,60.0,4.0
2025-07-22,BOC,18.0,1.0,19.0,619.0,110.0
2025-07-22,AUTL,7.0,0.0,7.0,512.0,0.0
2025-07-22,SLVM,53.0,32.0,85.0,153.0,73.0
2025-07-22,IRON,1.0,100.0,101.0,4332.0,250.0
2025-07-22,CSIQ,626.0,321.0,947.0,1655.0,1126.0
2025-07-22,SPB,6.0,1.0,7.0,11.0,32.0
2025-07-22,UP,54.0,4.0,58.0,3259.0,514.0
2025-07-22,GTN,278.0,15.0,293.0,1413.0,518.0
2025-07-22,ESNT,3.0,1.0,4.0,37.0,6.0
2025-07-22,CAAS,3.0,2.0,5.0,543.0,15.0
2025-07-22,OMEX,3112.0,714.0,3826.0,1995.0,911.0
2025-07-22,BTDR,3598.0,403.0,4001.0,12291.0,2220.0
2025-07-22,BATRA,29.0,54.0,83.0,287.0,382.0
2025-07-22,AMR,389.0,614.0,1003.0,1735.0,2010.0
2025-07-22,ELTX,50.0,0.0,50.0,53.0,0.0
2025-07-22,AIRS,155.0,1.0,156.0,255.0,202.0
2025-07-22,NMTC,219.0,0.0,219.0,40.0,0.0
2025-07-22,TSAT,27.0,18.0,45.0,370.0,294.0
2025-07-22,WEN,3481.0,570.0,4051.0,23358.0,54491.0
2025-07-22,FET,20.0,2.0,22.0,22.0,4.0
2025-07-22,NGNE,217.0,1.0,218.0,204.0,126.0
2025-07-22,CLMT,491.0,656.0,1147.0,1756.0,336.0
2025-07-22,LAMR,6.0,118.0,124.0,205.0,76.0
2025-07-22,ATGE,83.0,96.0,179.0,1182.0,271.0
2025-07-22,LNG,4438.0,4209.0,8647.0,8824.0,5695.0
2025-07-22,EPIX,10.0,0.0,10.0,246.0,0.0
2025-07-22,CHMI,1.0,9.0,10.0,7.0,12.0
2025-07-22,MAX,25.0,9.0,34.0,377.0,70.0
2025-07-22,CRL,101.0,1022.0,1123.0,1837.0,1285.0
2025-07-22,HYFM,200.0,10.0,210.0,0.0,0.0
2025-07-22,CBIO,592.0,21.0,613.0,74.0,2396.0
2025-07-22,HP,338.0,238.0,576.0,716.0,913.0
2025-07-22,NN,1855.0,16.0,1871.0,49233.0,2426.0
2025-07-22,VCYT,9.0,0.0,9.0,44.0,4.0
2025-07-22,DRIO,0.0,0.0,0.0,1.0,0.0
2025-07-22,CCCC,44.0,10.0,54.0,216.0,11.0
2025-07-22,OBDC,29.0,16.0,45.0,1907.0,51.0
2025-07-22,MCD,3158.0,2067.0,5225.0,8549.0,9000.0
2025-07-22,ABNB,2818.0,2715.0,5533.0,10944.0,8703.0
2025-07-22,CHRD,338.0,31.0,369.0,940.0,302.0
2025-07-22,GPRK,21.0,2.0,23.0,41.0,8.0
2025-07-22,WIX,214.0,90.0,304.0,2444.0,1259.0
2025-07-22,EARN,0.0,1.0,1.0,1.0,2.0
2025-07-22,AGO,9.0,7.0,16.0,13.0,9.0
2025-07-22,MET,176.0,135.0,311.0,2858.0,4121.0
2025-07-22,TNDM,453.0,258.0,711.0,3122.0,1152.0
2025-07-22,NAGE,306.0,298.0,604.0,2884.0,5456.0
2025-07-22,ALIT,304.0,612.0,916.0,17769.0,19443.0
2025-07-22,GEO,339.0,297.0,636.0,3148.0,3800.0
2025-07-22,INVZ,2759.0,723.0,3482.0,9928.0,2224.0
2025-07-22,UAA,1177.0,130.0,1307.0,4918.0,5188.0
2025-07-22,OMER,393.0,241.0,634.0,9685.0,2207.0
2025-07-22,TELA,0.0,1.0,1.0,2.0,2.0
2025-07-22,HOOK,1.0,8.0,9.0,1.0,4.0
2025-07-22,UGI,58.0,10.0,68.0,264.0,223.0
2025-07-22,HMN,18.0,0.0,18.0,100.0,0.0
2025-07-22,AVA,14.0,0.0,14.0,33.0,14.0
2025-07-22,GNL,12.0,20.0,32.0,309.0,47.0
2025-07-22,ONL,13.0,1.0,14.0,116.0,1.0
2025-07-22,NYT,25.0,4.0,29.0,992.0,627.0
2025-07-22,NOMD,15.0,6.0,21.0,336.0,79.0
2025-07-22,SILA,0.0,5.0,5.0,3.0,4.0
2025-07-22,ACMR,406.0,306.0,712.0,9976.0,6421.0
2025-07-22,CXW,642.0,180.0,822.0,1140.0,1113.0
2025-07-22,MNOV,0.0,0.0,0.0,40.0,0.0
2025-07-22,EVGO,1334.0,62.0,1396.0,17714.0,3304.0
2025-07-22,DIN,13.0,4.0,17.0,213.0,229.0
2025-07-22,RVMD,116.0,232.0,348.0,933.0,568.0
2025-07-22,EHC,5.0,2.0,7.0,1695.0,91.0
2025-07-22,CAR,617.0,911.0,1528.0,1420.0,1588.0
2025-07-22,SOHU,13.0,0.0,13.0,16.0,1.0
2025-07-22,BCYC,15.0,0.0,15.0,66.0,14.0
2025-07-22,ANGI,71.0,62.0,133.0,999.0,1205.0
2025-07-22,SNCR,15.0,0.0,15.0,31.0,0.0
2025-07-22,MVBF,10.0,0.0,10.0,11.0,0.0
2025-07-22,TREX,100.0,89.0,189.0,375.0,820.0
2025-07-22,SHIP,38.0,15.0,53.0,102.0,45.0
2025-07-22,VTS,15.0,17.0,32.0,171.0,47.0
2025-07-22,BCC,23.0,70.0,93.0,53.0,83.0
2025-07-22,BWXT,286.0,103.0,389.0,3292.0,1169.0
2025-07-22,JRVR,14.0,212.0,226.0,1482.0,141.0
2025-07-22,BSY,747.0,58.0,805.0,3810.0,1779.0
2025-07-22,GBDC,81.0,56.0,137.0,1535.0,690.0
2025-07-22,AMRC,108.0,69.0,177.0,332.0,320.0
2025-07-22,SKT,129.0,8.0,137.0,171.0,57.0
2025-07-22,AQMS,5.0,0.0,5.0,527.0,15.0
2025-07-22,LTC,47.0,75.0,122.0,760.0,1694.0
2025-07-22,BMEA,79.0,250.0,329.0,129.0,250.0
2025-07-22,AXSM,127.0,63.0,190.0,963.0,303.0
2025-07-22,LDI,6894.0,490.0,7384.0,9000.0,81.0
2025-07-22,VVX,33.0,7.0,40.0,201.0,27.0
2025-07-22,OPAD,12877.0,739.0,13616.0,2952.0,299.0
2025-07-22,L,62.0,3.0,65.0,207.0,57.0
2025-07-22,HSII,5.0,0.0,5.0,5.0,1.0
2025-07-22,DVAX,65.0,5.0,70.0,764.0,72.0
2025-07-22,CRBG,136.0,101.0,237.0,1463.0,160.0
2025-07-22,TSN,383.0,226.0,609.0,2201.0,2000.0
2025-07-22,ADTN,426.0,210.0,636.0,2774.0,1360.0
2025-07-22,CNA,21.0,8.0,29.0,90.0,77.0
2025-07-22,KOS,694.0,590.0,1284.0,1635.0,915.0
2025-07-22,AWR,13.0,4.0,17.0,28.0,3.0
2025-07-22,ANDE,3.0,2.0,5.0,24.0,19.0
2025-07-22,CTRI,13.0,5.0,18.0,151.0,88.0
2025-07-22,BHVN,967.0,278.0,1245.0,2081.0,1203.0
2025-07-22,OTTR,0.0,2.0,2.0,3.0,6.0
2025-07-22,AZN,372.0,230.0,602.0,5822.0,768.0
2025-07-22,ASND,82.0,429.0,511.0,412.0,1388.0
2025-07-22,NAMS,145.0,85.0,230.0,940.0,671.0
2025-07-22,APLS,1019.0,189.0,1208.0,4973.0,866.0
2025-07-22,PTCT,143.0,11.0,154.0,2668.0,806.0
2025-07-22,CRDF,2746.0,632.0,3378.0,26599.0,7955.0
2025-07-22,REGN,255.0,155.0,410.0,451.0,423.0
2025-07-22,ELDN,30.0,15.0,45.0,3184.0,5.0
2025-07-22,LENZ,35.0,2.0,37.0,4172.0,101.0
2025-07-22,INSM,444.0,374.0,818.0,19204.0,13918.0
2025-07-22,KINS,505.0,720.0,1225.0,2831.0,220.0
2025-07-22,TGNA,103.0,96.0,199.0,208.0,29.0
2025-07-22,CORZ,15796.0,4650.0,20446.0,63736.0,27966.0
2025-07-22,SPRO,322.0,11.0,333.0,78.0,240.0
2025-07-22,ATNI,0.0,0.0,0.0,0.0,1.0
2025-07-22,GETY,555.0,8.0,563.0,2398.0,586.0
2025-07-22,BLFS,3.0,2.0,5.0,6.0,2.0
2025-07-22,QSR,50.0,37.0,87.0,204.0,221.0
2025-07-22,HOWL,5.0,0.0,5.0,16.0,0.0
2025-07-22,ASPN,203.0,22.0,225.0,286.0,116.0
2025-07-22,GMED,366.0,31.0,397.0,1125.0,593.0
2025-07-22,ORGN,43.0,7.0,50.0,1375.0,713.0
2025-07-22,EYE,43.0,15.0,58.0,464.0,118.0
2025-07-22,TRUP,67.0,195.0,262.0,1945.0,1810.0
2025-07-22,KTB,36.0,11.0,47.0,175.0,124.0
2025-07-22,EOG,547.0,195.0,742.0,1182.0,1846.0
2025-07-22,INGM,1.0,0.0,1.0,3.0,14.0
2025-07-22,SABR,131.0,185.0,316.0,6741.0,18443.0
2025-07-22,DBRG,432.0,4544.0,4976.0,1559.0,682.0
2025-07-22,TXG,451.0,141.0,592.0,6314.0,1291.0
2025-07-22,CPRI,293.0,417.0,710.0,1214.0,1025.0
2025-07-22,HCI,122.0,39.0,161.0,207.0,200.0
2025-07-22,DOCS,580.0,303.0,883.0,7604.0,8126.0
2025-07-22,PX,1.0,0.0,1.0,315.0,0.0
2025-07-22,IAS,9.0,10.0,19.0,67.0,4.0
2025-07-22,OS,39.0,75.0,114.0,1492.0,301.0
2025-07-22,WLDN,70.0,32.0,102.0,616.0,265.0
2025-07-22,BBDC,8.0,1.0,9.0,45.0,23.0
2025-07-22,INVE,5.0,0.0,5.0,10.0,0.0
2025-07-22,XENE,51.0,2.0,53.0,1009.0,10.0
2025-07-22,ARBE,352.0,581.0,933.0,24116.0,2034.0
2025-07-22,UMH,0.0,10.0,10.0,1.0,10.0
2025-07-22,RPAY,0.0,1.0,1.0,2.0,1.0
2025-07-22,CMBM,303.0,103.0,406.0,409.0,129.0
2025-07-22,MNTK,2.0,0.0,2.0,15.0,15.0
2025-07-22,UTI,120.0,25.0,145.0,174.0,1117.0
2025-07-22,VFF,528.0,5.0,533.0,233.0,106.0
2025-07-22,MBC,42.0,118.0,160.0,105.0,176.0
2025-07-22,ADNT,21.0,10.0,31.0,5459.0,69.0
2025-07-22,MRSN,318.0,13.0,331.0,1532.0,138.0
2025-07-22,ICAD,0.0,0.0,0.0,8.0,0.0
2025-07-22,RGLD,797.0,250.0,1047.0,5455.0,2957.0
2025-07-22,ACRS,176.0,14.0,190.0,2459.0,15.0
2025-07-22,PLYM,14.0,8.0,22.0,82.0,106.0
2025-07-22,JACK,762.0,186.0,948.0,3039.0,734.0
2025-07-22,PSNL,64.0,101.0,165.0,182.0,355.0
2025-07-22,HIMX,1927.0,277.0,2204.0,3574.0,495.0
2025-07-22,KG,0.0,0.0,0.0,0.0,0.0
2025-07-22,APLE,184.0,206.0,390.0,464.0,127.0
2025-07-22,CIVI,527.0,254.0,781.0,25101.0,3026.0
2025-07-22,TNYA,158.0,10.0,168.0,846.0,12.0
2025-07-22,VSAT,1316.0,304.0,1620.0,9725.0,16954.0
2025-07-22,EGY,571.0,85.0,656.0,2612.0,85.0
2025-07-22,PRGO,196.0,93.0,289.0,12755.0,1416.0
2025-07-22,MQ,86.0,2.0,88.0,1193.0,396.0
2025-07-22,ACTG,110.0,9.0,119.0,3274.0,692.0
2025-07-22,MXCT,100.0,0.0,100.0,308.0,0.0
2025-07-22,CLDT,2.0,11.0,13.0,14.0,23.0
2025-07-22,ENS,6.0,28.0,34.0,53.0,107.0
2025-07-22,BGSF,3.0,0.0,3.0,1.0,1.0
2025-07-22,PNW,136.0,10.0,146.0,109.0,44.0
2025-07-22,GENI,2128.0,199.0,2327.0,5522.0,851.0
2025-07-22,LEGH,0.0,0.0,0.0,1.0,0.0
2025-07-22,SIEB,12.0,6.0,18.0,83.0,82.0
2025-07-22,AEVA,1658.0,859.0,2517.0,4037.0,2384.0
2025-07-22,AXGN,72.0,4.0,76.0,364.0,83.0
2025-07-22,FWONA,4.0,1.0,5.0,51.0,4.0
2025-07-22,CXT,0.0,0.0,0.0,13.0,0.0
2025-07-22,BCO,17.0,16.0,33.0,143.0,76.0
2025-07-22,INSW,186.0,79.0,265.0,220.0,107.0
2025-07-22,AMPL,111.0,25.0,136.0,10943.0,288.0
2025-07-22,RAPT,149.0,31.0,180.0,497.0,96.0
2025-07-22,ACIC,62.0,19.0,81.0,784.0,393.0
2025-07-22,BTAI,0.0,0.0,0.0,1.0,0.0
2025-07-22,NVTS,70681.0,25266.0,95947.0,20651.0,7503.0
2025-07-22,RIGL,57.0,16.0,73.0,70.0,25.0
2025-07-22,KIDS,5.0,0.0,5.0,701.0,1.0
2025-07-22,STEM,1225.0,1029.0,2254.0,600.0,936.0
2025-07-22,WMB,4757.0,168.0,4925.0,6563.0,11031.0
2025-07-22,KPTI,28.0,2596.0,2624.0,323.0,4040.0
2025-07-22,SBAC,61.0,13.0,74.0,184.0,122.0
2025-07-22,BNTX,592.0,57.0,649.0,1507.0,799.0
2025-07-22,IDXX,55.0,87.0,142.0,148.0,862.0
2025-07-22,PLOW,10.0,14.0,24.0,127.0,117.0
2025-07-22,EVER,22.0,30.0,52.0,45.0,88.0
2025-07-22,CRBP,14.0,100.0,114.0,40.0,101.0
2025-07-22,ACNT,1.0,0.0,1.0,1.0,0.0
2025-07-22,HIMS,37256.0,30787.0,68043.0,39344.0,38063.0
2025-07-22,NMFC,116.0,20.0,136.0,134.0,38.0
2025-07-22,AL,167.0,24.0,191.0,6178.0,2545.0
2025-07-22,EQR,24.0,25.0,49.0,378.0,163.0
2025-07-22,NJR,16.0,1.0,17.0,205.0,230.0
2025-07-22,CRGY,7.0,22.0,29.0,2926.0,331.0
2025-07-22,WAT,251.0,188.0,439.0,1034.0,430.0
2025-07-22,SEMR,6.0,1.0,7.0,35.0,7.0
2025-07-22,RGCO,3.0,0.0,3.0,12.0,0.0
2025-07-22,CLBR,9489.0,4522.0,14011.0,26757.0,17967.0
2025-07-22,AKYA,0.0,0.0,0.0,4.0,2.0
2025-07-22,W,2120.0,1108.0,3228.0,4393.0,2701.0
2025-07-22,ADUS,0.0,0.0,0.0,0.0,1.0
2025-07-22,GAIA,9.0,2.0,11.0,87.0,0.0
2025-07-22,VMEO,11.0,1.0,12.0,67.0,15.0
2025-07-22,SOND,11.0,1.0,12.0,76.0,173.0
2025-07-22,OUT,161.0,35.0,196.0,258.0,41.0
2025-07-22,PRAA,172.0,150.0,322.0,26.0,13.0
2025-07-22,FUN,376.0,28.0,404.0,7446.0,4233.0
2025-07-22,AHH,54.0,2.0,56.0,1187.0,549.0
2025-07-22,BRBR,478.0,513.0,991.0,46854.0,15816.0
2025-07-22,TRNS,205.0,3.0,208.0,572.0,9.0
2025-07-22,PMVP,55.0,5.0,60.0,642.0,5.0
2025-07-22,PLTK,76.0,35.0,111.0,5103.0,500.0
2025-07-22,ALRM,16.0,31.0,47.0,64.0,35.0
2025-07-22,PGNY,93.0,83.0,176.0,1668.0,909.0
2025-07-22,JYNT,11.0,0.0,11.0,40.0,1.0
2025-07-22,STRO,16.0,64.0,80.0,1420.0,123.0
2025-07-22,GGR,1.0,0.0,1.0,4.0,0.0
2025-07-22,CBUS,54.0,0.0,54.0,169.0,1.0
2025-07-22,YMAB,206.0,3.0,209.0,254.0,13.0
2025-07-22,EVH,63.0,15.0,78.0,5782.0,64.0
2025-07-22,VERV,60.0,810.0,870.0,5873.0,28387.0
2025-07-22,TIGO,36.0,3.0,39.0,134.0,7.0
2025-07-22,REAL,150.0,251.0,401.0,17418.0,3164.0
2025-07-22,WMG,48.0,32.0,80.0,2569.0,132.0
2025-07-22,AURA,1.0,0.0,1.0,1.0,0.0
2025-07-22,BKKT,1029.0,25.0,1054.0,35781.0,254.0
2025-07-22,RXT,236.0,4.0,240.0,1085.0,40.0
2025-07-22,PRTA,45.0,16.0,61.0,817.0,1626.0
2025-07-22,AAOI,2585.0,2669.0,5254.0,22855.0,21278.0
2025-07-22,ARLO,18.0,1313.0,1331.0,536.0,1341.0
2025-07-22,SHCO,250.0,22.0,272.0,36.0,153.0
2025-07-22,ORIC,48.0,33.0,81.0,1263.0,86.0
2025-07-22,LQDT,28.0,16.0,44.0,54.0,116.0
2025-07-22,VST,5352.0,7172.0,12524.0,11821.0,16674.0
2025-07-22,SSP,82.0,13.0,95.0,65.0,56.0
2025-07-22,COP,1786.0,1125.0,2911.0,4803.0,5336.0
2025-07-22,ROOT,411.0,234.0,645.0,3869.0,867.0
2025-07-22,SCPH,66.0,15.0,81.0,1146.0,72.0
2025-07-22,FTNT,4748.0,3483.0,8231.0,3672.0,3550.0
2025-07-22,MIST,76.0,287.0,363.0,462.0,377.0
2025-07-22,TBLA,3.0,0.0,3.0,15.0,1.0
2025-07-22,SYM,1462.0,1672.0,3134.0,3380.0,7341.0
2025-07-22,TASK,4.0,0.0,4.0,12.0,1.0
2025-07-22,VERX,4.0,2.0,6.0,20.0,31.0
2025-07-22,UPWK,429.0,257.0,686.0,5487.0,1446.0
2025-07-22,LYFT,71305.0,1569.0,72874.0,8667.0,5521.0
2025-07-22,LESL,1651.0,229.0,1880.0,3693.0,226.0
2025-07-22,CCAP,0.0,0.0,0.0,2.0,0.0
2025-07-22,ET,8376.0,2066.0,10442.0,16183.0,9800.0
2025-07-22,SPRY,73.0,6.0,79.0,963.0,223.0
2025-07-22,PLSE,5.0,28.0,33.0,7.0,47.0
2025-07-22,THRD,63.0,16.0,79.0,804.0,290.0
2025-07-22,WHWK,2.0,1.0,3.0,1.0,2.0
2025-07-22,MVIS,1277.0,397.0,1674.0,3253.0,605.0
2025-07-22,SONO,48.0,34.0,82.0,1407.0,50.0
2025-07-22,MLNK,2.0,6.0,8.0,49.0,49.0
2025-07-22,VMD,1.0,1.0,2.0,10.0,5.0
2025-07-22,MCK,110.0,59.0,169.0,473.0,328.0
2025-07-22,USAC,33.0,24.0,57.0,56.0,17.0
2025-07-22,SSSS,12.0,11.0,23.0,128.0,95.0
2025-07-22,IVVD,100.0,0.0,100.0,100.0,0.0
2025-07-22,KLTR,2.0,0.0,2.0,13.0,1.0
2025-07-22,VTLE,192.0,75.0,267.0,4629.0,2655.0
2025-07-22,KNTK,70.0,17.0,87.0,999.0,117.0
2025-07-22,TSE,15.0,2.0,17.0,183.0,15.0
2025-07-22,SHC,262.0,5.0,267.0,389.0,22.0
2025-07-22,ACRE,107.0,9.0,116.0,1880.0,885.0
2025-07-22,BLDE,327.0,23.0,350.0,4757.0,648.0
2025-07-22,TKO,310.0,225.0,535.0,2538.0,642.0
2025-07-22,MFA,32.0,24.0,56.0,522.0,639.0
2025-07-22,PSN,37.0,28.0,65.0,258.0,84.0
2025-07-22,RC,378.0,16.0,394.0,1396.0,68.0
2025-07-22,OABI,35.0,0.0,35.0,42.0,0.0
2025-07-22,AEIS,36.0,28.0,64.0,80.0,67.0
2025-07-22,GIC,0.0,0.0,0.0,10.0,0.0
2025-07-22,YUM,663.0,177.0,840.0,2446.0,422.0
2025-07-22,IFF,387.0,166.0,553.0,6074.0,2744.0
2025-07-22,NNN,23.0,22.0,45.0,160.0,232.0
2025-07-22,CRUS,71.0,38.0,109.0,232.0,66.0
2025-07-22,CCO,4.0,30.0,34.0,799.0,298.0
2025-07-22,KVYO,818.0,339.0,1157.0,489.0,450.0
2025-07-22,UVV,28.0,13.0,41.0,309.0,373.0
2025-07-22,GPN,341.0,754.0,1095.0,7382.0,36555.0
2025-07-22,INSP,202.0,184.0,386.0,1398.0,569.0
2025-07-22,VAC,73.0,41.0,114.0,439.0,60.0
2025-07-22,STHO,23.0,12.0,35.0,518.0,137.0
2025-07-22,OKE,650.0,456.0,1106.0,5009.0,3560.0
2025-07-22,AACT,60.0,0.0,60.0,626.0,3.0
2025-07-22,TWST,19.0,11.0,30.0,562.0,44.0
2025-07-22,FOA,24.0,59.0,83.0,1054.0,213.0
2025-07-22,CRNT,81.0,18.0,99.0,1096.0,71.0
2025-07-22,BRCC,215.0,35.0,250.0,1572.0,56.0
2025-07-22,LAZR,1520.0,528.0,2048.0,4047.0,1217.0
2025-07-22,SIBN,0.0,0.0,0.0,14.0,1.0
2025-07-22,DENN,43.0,10.0,53.0,4215.0,426.0
2025-07-22,PAY,204.0,44.0,248.0,843.0,291.0
2025-07-22,FANG,362.0,247.0,609.0,1164.0,804.0
2025-07-22,ABL,334.0,48.0,382.0,1819.0,608.0
2025-07-22,APPN,831.0,230.0,1061.0,6980.0,25535.0
2025-07-22,FLL,12.0,4.0,16.0,54.0,14.0
2025-07-22,RCAT,8593.0,5681.0,14274.0,8490.0,5818.0
2025-07-22,ALXO,7.0,21.0,28.0,442.0,565.0
2025-07-22,BCAB,129.0,0.0,129.0,930.0,0.0
2025-07-22,OSCR,52773.0,58558.0,111331.0,65390.0,176043.0
2025-07-22,LRMR,120.0,13.0,133.0,2998.0,623.0
2025-07-22,ALT,662.0,249.0,911.0,5114.0,1735.0
2025-07-22,LASR,72.0,11.0,83.0,644.0,600.0
2025-07-22,AKAM,88.0,84.0,172.0,562.0,949.0
2025-07-22,HCAT,51.0,1.0,52.0,50.0,2.0
2025-07-22,KRP,48.0,2.0,50.0,499.0,65.0
2025-07-22,ELAN,190.0,15.0,205.0,543.0,34.0
2025-07-22,TE,70.0,42.0,112.0,131.0,12.0
2025-07-22,AVT,18.0,23.0,41.0,219.0,98.0
2025-07-22,HTZ,1310.0,2025.0,3335.0,8578.0,3385.0
2025-07-22,SLS,1914.0,140.0,2054.0,10652.0,46.0
2025-07-22,PZZA,1415.0,215.0,1630.0,2390.0,390.0
2025-07-22,NKTX,104.0,169.0,273.0,669.0,694.0
2025-07-22,CRMD,452.0,710.0,1162.0,2514.0,1917.0
2025-07-22,TTWO,246.0,198.0,444.0,3423.0,954.0
2025-07-22,USFD,48.0,209.0,257.0,6475.0,7412.0
2025-07-22,BLMN,550.0,105.0,655.0,3443.0,1025.0
2025-07-22,AGEN,459.0,40.0,499.0,5723.0,4992.0
2025-07-22,OPFI,575.0,35.0,610.0,2891.0,1348.0
2025-07-22,MBI,244.0,51.0,295.0,6700.0,211.0
2025-07-22,VOR,1197.0,375.0,1572.0,8311.0,18241.0
2025-07-22,LTRN,3.0,44.0,47.0,70.0,64.0
2025-07-22,TACT,0.0,0.0,0.0,95.0,0.0
2025-07-22,MARA,164962.0,69457.0,234419.0,248477.0,94347.0
2025-07-22,CABA,35.0,34.0,69.0,3663.0,364.0
2025-07-22,MDGL,91.0,97.0,188.0,1604.0,559.0
2025-07-22,JLL,4.0,7.0,11.0,64.0,37.0
2025-07-22,DYAI,12.0,10.0,22.0,341.0,0.0
2025-07-22,TPST,20.0,0.0,20.0,15.0,0.0
2025-07-22,GRND,74.0,1368.0,1442.0,2508.0,3861.0
2025-07-22,IMCR,4.0,1.0,5.0,25.0,203.0
2025-07-22,COOK,20.0,0.0,20.0,153.0,0.0
2025-07-22,APPS,3049.0,357.0,3406.0,4915.0,6795.0
2025-07-22,EXAS,515.0,3591.0,4106.0,371.0,3842.0
2025-07-22,FLNC,1360.0,641.0,2001.0,21713.0,19477.0
2025-07-22,CPAY,56.0,77.0,133.0,374.0,200.0
2025-07-22,BROS,906.0,703.0,1609.0,3196.0,3691.0
2025-07-22,DSP,22.0,26.0,48.0,54.0,32.0
2025-07-22,RDW,11695.0,1736.0,13431.0,43787.0,18916.0
2025-07-22,EHAB,7.0,1.0,8.0,17.0,33.0
2025-07-22,RKLB,30277.0,16377.0,46654.0,39730.0,27131.0
2025-07-22,APA,3235.0,1007.0,4242.0,14393.0,3723.0
2025-07-22,AP,1.0,2.0,3.0,18.0,3.0
2025-07-22,VERA,103.0,152.0,255.0,641.0,240.0
2025-07-22,USPH,0.0,0.0,0.0,1.0,0.0
2025-07-22,AIRG,18.0,2.0,20.0,934.0,4.0
2025-07-22,ERII,19.0,51.0,70.0,1385.0,611.0
2025-07-22,EE,39.0,711.0,750.0,158.0,709.0
2025-07-22,CAPL,4.0,0.0,4.0,9.0,6.0
2025-07-22,AMC,36839.0,7360.0,44199.0,62736.0,18210.0
2025-07-22,III,12.0,8.0,20.0,245.0,122.0
2025-07-22,DIBS,11.0,11.0,22.0,41.0,0.0
2025-07-22,GCT,513.0,179.0,692.0,2524.0,722.0
2025-07-22,CTEV,6.0,6.0,12.0,189.0,39.0
2025-07-22,NKTR,1934.0,923.0,2857.0,36995.0,6112.0
2025-07-22,MRC,2.0,10.0,12.0,2.0,10.0
2025-07-22,CHH,1.0,2.0,3.0,3.0,7.0
2025-07-22,EMR,118.0,248.0,366.0,1238.0,499.0
2025-07-22,XPEL,20.0,11.0,31.0,77.0,82.0
2025-07-22,NGL,21.0,1.0,22.0,674.0,3.0
2025-07-22,CURI,691.0,53.0,744.0,1216.0,1666.0
2025-07-22,SB,2.0,0.0,2.0,102.0,1.0
2025-07-22,TD,2471.0,329.0,2800.0,3445.0,873.0
2025-07-22,CSX,1535.0,565.0,2100.0,8485.0,4506.0
2025-07-22,EPD,552.0,576.0,1128.0,6599.0,1549.0
2025-07-22,CDTX,23.0,165.0,188.0,5143.0,1138.0
2025-07-22,RCKT,84.0,35.0,119.0,497.0,301.0
2025-07-22,WMK,0.0,0.0,0.0,1.0,0.0
2025-07-22,ADAP,21.0,1.0,22.0,195.0,5.0
2025-07-22,GNE,14.0,60.0,74.0,95.0,8.0
2025-07-22,COMP,1140.0,78.0,1218.0,23779.0,2911.0
2025-07-22,TARA,67.0,20.0,87.0,1373.0,363.0
2025-07-22,APGE,86.0,60.0,146.0,464.0,9527.0
2025-07-22,ATER,37.0,7.0,44.0,1306.0,172.0
2025-07-22,CLRB,34.0,9.0,43.0,0.0,11.0
2025-07-22,CTXR,138.0,37.0,175.0,3976.0,715.0
2025-07-22,ZIP,20.0,3.0,23.0,58.0,11.0
2025-07-22,BZFD,4.0,103.0,107.0,111.0,356.0
2025-07-22,ATXS,0.0,0.0,0.0,3.0,0.0
2025-07-22,CE,163.0,19.0,182.0,2343.0,1244.0
2025-07-22,ANAB,36.0,47.0,83.0,658.0,141.0
2025-07-22,DCGO,130.0,24.0,154.0,1493.0,397.0
2025-07-22,MCRB,138.0,30.0,168.0,673.0,64.0
2025-07-22,PAL,1.0,0.0,1.0,9.0,11.0
2025-07-22,ATAI,479.0,100.0,579.0,40903.0,2468.0
2025-07-22,IMMX,3.0,20.0,23.0,213.0,2420.0
2025-07-22,AVTX,1.0,3.0,4.0,1.0,14.0
2025-07-22,PRPL,18.0,0.0,18.0,2042.0,0.0
2025-07-22,VTYX,159.0,9.0,168.0,772.0,174.0
2025-07-22,NXDT,8.0,42.0,50.0,389.0,67.0
2025-07-22,LAW,10.0,0.0,10.0,5.0,0.0
2025-07-22,PHAT,248.0,111.0,359.0,14737.0,10969.0
2025-07-22,IRWD,253.0,18.0,271.0,4050.0,0.0
2025-07-22,LFST,69.0,14.0,83.0,226.0,66.0
2025-07-22,TBCH,85.0,4.0,89.0,141.0,1031.0
2025-07-22,SN,45.0,219.0,264.0,1033.0,3470.0
2025-07-22,CLDX,421.0,1496.0,1917.0,12663.0,1733.0
2025-07-22,CTMX,147.0,11.0,158.0,6557.0,1150.0
2025-07-22,CNTY,11.0,0.0,11.0,12.0,0.0
2025-07-22,EPSN,12.0,13.0,25.0,176.0,12.0
2025-07-22,WEST,6.0,1.0,7.0,75.0,6.0
2025-07-22,SEER,0.0,0.0,0.0,100.0,3.0
2025-07-22,MMS,6.0,0.0,6.0,30.0,18.0
2025-07-22,LFMD,783.0,368.0,1151.0,11524.0,10623.0
2025-07-22,MSDL,9.0,6.0,15.0,27.0,13.0
2025-07-22,ESE,10.0,0.0,10.0,48.0,1.0
2025-07-22,RCEL,134.0,1006.0,1140.0,397.0,6362.0
2025-07-22,SG,317.0,226.0,543.0,1919.0,2193.0
2025-07-22,EB,11.0,10.0,21.0,555.0,43.0
2025-07-22,CCSI,16.0,5.0,21.0,29.0,11.0
2025-07-22,ACHV,134.0,177.0,311.0,923.0,204.0
2025-07-22,SOUN,16090.0,3959.0,20049.0,73083.0,31433.0
2025-07-22,ASYS,23.0,31.0,54.0,725.0,108.0
2025-07-22,LYEL,0.0,0.0,0.0,1.0,30.0
2025-07-22,RXST,44.0,107.0,151.0,398.0,497.0
2025-07-22,CIFR,3173.0,156.0,3329.0,28958.0,13555.0
2025-07-22,NUVL,2.0,275.0,277.0,4.0,1781.0
2025-07-22,ZBH,94.0,19.0,113.0,704.0,1301.0
2025-07-22,WYNN,1120.0,808.0,1928.0,6188.0,5370.0
2025-07-22,POST,15.0,7.0,22.0,31.0,23.0
2025-07-22,RGTI,15529.0,52961.0,68490.0,125831.0,90502.0
2025-07-22,CAPR,1466.0,143.0,1609.0,14583.0,18474.0
2025-07-22,NXST,48.0,179.0,227.0,577.0,529.0
2025-07-22,CPK,1.0,0.0,1.0,3.0,2.0
2025-07-22,JOBY,5435.0,18614.0,24049.0,23308.0,47926.0
2025-07-22,NABL,3.0,0.0,3.0,19.0,2.0
2025-07-22,DIOD,41.0,23.0,64.0,132.0,49.0
2025-07-22,GRNT,0.0,0.0,0.0,12.0,0.0
2025-07-22,ACDC,344.0,205.0,549.0,2835.0,2350.0
2025-07-22,TEAM,224.0,616.0,840.0,4173.0,2893.0
2025-07-22,CCOI,8.0,191.0,199.0,518.0,8337.0
2025-07-22,TRML,1.0,0.0,1.0,5.0,5.0
2025-07-22,GNSS,840.0,50.0,890.0,1106.0,100.0
2025-07-22,FWRD,466.0,33.0,499.0,735.0,1415.0
2025-07-22,RRX,137.0,149.0,286.0,1582.0,481.0
2025-07-22,PEG,74.0,68.0,142.0,3871.0,3659.0
2025-07-22,ELME,0.0,0.0,0.0,0.0,0.0
2025-07-22,MD,53.0,2.0,55.0,497.0,13.0
2025-07-22,KLG,597.0,140.0,737.0,8163.0,2069.0
2025-07-22,SR,0.0,0.0,0.0,0.0,2.0
2025-07-22,ADPT,50.0,21.0,71.0,393.0,51.0
2025-07-22,HY,1.0,0.0,1.0,3.0,1.0
2025-07-22,RYTM,61.0,57.0,118.0,2197.0,2132.0
2025-07-22,LDOS,107.0,72.0,179.0,5940.0,4873.0
2025-07-22,APLT,1.0,1.0,2.0,513.0,0.0
2025-07-22,WES,485.0,337.0,822.0,7097.0,3533.0
2025-07-22,FTDR,7.0,2.0,9.0,16.0,2.0
2025-07-22,MFIN,317.0,110.0,427.0,835.0,200.0
2025-07-22,UPST,1904.0,1465.0,3369.0,22908.0,19389.0
2025-07-22,IGIC,74.0,1.0,75.0,127.0,3.0
2025-07-22,MUX,94.0,999.0,1093.0,6487.0,1798.0
2025-07-22,ATEN,119.0,14.0,133.0,2984.0,110.0
2025-07-22,CTSO,20.0,6.0,26.0,498.0,3.0
2025-07-22,REZI,31.0,31.0,62.0,185.0,45.0
2025-07-22,DUK,2688.0,144.0,2832.0,9625.0,4080.0
2025-07-22,CVGI,2.0,0.0,2.0,489.0,0.0
2025-07-22,BMRN,417.0,65.0,482.0,1588.0,773.0
2025-07-22,RNG,75.0,28.0,103.0,290.0,223.0
2025-07-22,DV,48.0,40.0,88.0,3984.0,605.0
2025-07-22,CMI,381.0,68.0,449.0,816.0,330.0
2025-07-22,UFPT,6.0,1.0,7.0,9.0,16.0
2025-07-22,ALAB,3757.0,2981.0,6738.0,8823.0,6348.0
2025-07-22,JJSF,22.0,11.0,33.0,1317.0,92.0
2025-07-22,NRC,1.0,5.0,6.0,31.0,9.0
2025-07-22,SNAP,11480.0,1379.0,12859.0,77893.0,34310.0
2025-07-22,LMND,346.0,503.0,849.0,4649.0,3121.0
2025-07-22,SPCE,5113.0,997.0,6110.0,19114.0,2560.0
2025-07-22,EPC,15.0,49.0,64.0,110.0,201.0
2025-07-22,AMRX,12.0,0.0,12.0,168.0,0.0
2025-07-22,DD,716.0,265.0,981.0,11057.0,1229.0
2025-07-22,NOVT,11.0,4.0,15.0,15.0,6.0
2025-07-22,JELD,21.0,7.0,28.0,876.0,15.0
2025-07-22,SKY,150.0,192.0,342.0,1139.0,659.0
2025-07-22,AFG,3.0,5.0,8.0,87.0,28.0
2025-07-22,DVN,562.0,661.0,1223.0,23032.0,3642.0
2025-07-22,CWK,35.0,7.0,42.0,145.0,245.0
2025-07-22,LMAT,0.0,1.0,1.0,0.0,1.0
2025-07-22,SLRC,0.0,0.0,0.0,20.0,0.0
2025-07-22,MAR,319.0,90.0,409.0,1476.0,1015.0
2025-07-22,CEVA,7.0,0.0,7.0,121.0,5.0
2025-07-22,CHGG,216.0,39.0,255.0,2703.0,134.0
2025-07-22,TBPH,3.0,22.0,25.0,13.0,54.0
2025-07-22,LAB,134.0,6.0,140.0,911.0,28.0
2025-07-22,MED,788.0,11.0,799.0,4241.0,186.0
2025-07-22,KRYS,220.0,1058.0,1278.0,4047.0,4794.0
2025-07-22,XNET,39.0,8.0,47.0,156.0,27.0
2025-07-22,ENTA,4.0,0.0,4.0,10.0,0.0
2025-07-22,MWA,32.0,7.0,39.0,935.0,61.0
2025-07-22,PUBM,254.0,49.0,303.0,2917.0,1003.0
2025-07-22,MREO,729.0,3124.0,3853.0,25212.0,2814.0
2025-07-22,PERI,50.0,1.0,51.0,202.0,20.0
2025-07-22,MAC,231.0,112.0,343.0,660.0,577.0
2025-07-22,AMBC,865.0,341.0,1206.0,91706.0,4860.0
2025-07-22,WKSP,94.0,16.0,110.0,20.0,78.0
2025-07-22,VTGN,49.0,2.0,51.0,792.0,11.0
2025-07-22,FENC,17.0,1.0,18.0,576.0,2.0
2025-07-22,CYBR,755.0,171.0,926.0,7971.0,946.0
2025-07-22,FROG,163.0,27.0,190.0,1007.0,1608.0
2025-07-22,COLD,19.0,5.0,24.0,742.0,188.0
2025-07-22,CLNE,11.0,9.0,20.0,1758.0,94.0
2025-07-22,WBTN,2.0,0.0,2.0,4.0,1.0
2025-07-22,PLUG,7339.0,988.0,8327.0,90673.0,9882.0
2025-07-22,TLN,649.0,1247.0,1896.0,4591.0,6641.0
2025-07-22,EMBC,16.0,8.0,24.0,463.0,408.0
2025-07-22,TLS,18.0,12.0,30.0,2904.0,69.0
2025-07-22,EVRG,255.0,2.0,257.0,707.0,18.0
2025-07-22,ZVIA,30.0,7.0,37.0,2518.0,763.0
2025-07-22,FLO,6.0,33.0,39.0,171.0,286.0
2025-07-22,TCX,55.0,55.0,110.0,130.0,353.0
2025-07-22,ROAD,21.0,7.0,28.0,120.0,428.0
2025-07-22,SGHT,27.0,2.0,29.0,57.0,16.0
2025-07-22,OSS,124.0,165.0,289.0,3442.0,658.0
2025-07-22,PRKS,3.0,3.0,6.0,37.0,16.0
2025-07-22,H,99.0,67.0,166.0,1710.0,2740.0
2025-07-22,VOC,0.0,9.0,9.0,3.0,11.0
2025-07-22,IOVA,12531.0,56.0,12587.0,10983.0,886.0
2025-07-22,FIGS,26.0,7.0,33.0,572.0,53.0
2025-07-22,VIAV,251.0,26.0,277.0,6397.0,536.0
2025-07-22,FDMT,1.0,1.0,2.0,123.0,1.0
2025-07-22,CGON,1060.0,1.0,1061.0,7844.0,1.0
2025-07-22,PBH,2.0,4.0,6.0,1.0,1.0
2025-07-22,REAX,35.0,1.0,36.0,425.0,65.0
2025-07-22,ARHS,15.0,42.0,57.0,1880.0,507.0
2025-07-22,NPCE,229.0,41.0,270.0,311.0,173.0
2025-07-22,CEG,763.0,353.0,1116.0,5118.0,6610.0
2025-07-22,G,69.0,6.0,75.0,89.0,126.0
2025-07-22,CION,51.0,0.0,51.0,372.0,0.0
2025-07-22,IRIX,1.0,0.0,1.0,488.0,0.0
2025-07-22,WMS,51.0,874.0,925.0,1271.0,1273.0
2025-07-22,DRH,12.0,0.0,12.0,10.0,0.0
2025-07-22,CHYM,1402.0,290.0,1692.0,9318.0,3163.0
2025-07-22,SEDG,878.0,1527.0,2405.0,5479.0,5603.0
2025-07-22,PRPH,14.0,0.0,14.0,287.0,0.0
2025-07-22,SKYE,213.0,2.0,215.0,692.0,429.0
2025-07-22,RL,68.0,129.0,197.0,724.0,1555.0
2025-07-22,VEON,22.0,29.0,51.0,247.0,31.0
2025-07-22,MTUS,33.0,54.0,87.0,116.0,59.0
2025-07-22,STTK,20.0,0.0,20.0,20.0,0.0
2025-07-22,TCPC,45.0,7.0,52.0,634.0,230.0
2025-07-22,POWL,183.0,308.0,491.0,3464.0,2037.0
2025-07-22,ATOM,455.0,33.0,488.0,4106.0,1089.0
2025-07-22,HCKT,37.0,1.0,38.0,91.0,1.0
2025-07-22,BWIN,46.0,14.0,60.0,233.0,25.0
2025-07-22,ADEA,1.0,0.0,1.0,3.0,0.0
2025-07-22,SRAD,74.0,228.0,302.0,11457.0,4126.0
2025-07-22,DVA,143.0,48.0,191.0,3004.0,874.0
2025-07-22,ACHC,194.0,308.0,502.0,1396.0,405.0
2025-07-22,SVC,26.0,0.0,26.0,126.0,2.0
2025-07-22,MRCY,140.0,46.0,186.0,680.0,383.0
2025-07-22,PKOH,0.0,7.0,7.0,0.0,13.0
2025-07-22,GLAD,40.0,4.0,44.0,163.0,4.0
2025-07-22,LCID,34231.0,5798.0,40029.0,90016.0,63417.0
2025-07-22,RVLV,12.0,8.0,20.0,1886.0,176.0
2025-07-22,ESPR,244.0,101.0,345.0,397.0,81.0
2025-07-22,LGIH,575.0,156.0,731.0,4419.0,858.0
2025-07-22,HNGE,556.0,53.0,609.0,4959.0,3704.0
2025-07-22,SSRM,189.0,301.0,490.0,3133.0,1153.0
2025-07-22,HSIC,15.0,4.0,19.0,5079.0,295.0
2025-07-22,MPLX,142.0,64.0,206.0,1884.0,1616.0
2025-07-22,XXII,271.0,4.0,275.0,971.0,9.0
2025-07-22,INTA,71.0,5.0,76.0,982.0,56.0
2025-07-22,DAC,146.0,38.0,184.0,319.0,116.0
2025-07-22,HYPD,0.0,0.0,0.0,0.0,0.0
2025-07-22,KZR,0.0,20.0,20.0,8.0,50.0
2025-07-22,ARWR,215.0,381.0,596.0,2182.0,1453.0
2025-07-22,YALA,30.0,6.0,36.0,187.0,9.0
2025-07-22,IRD,5.0,10.0,15.0,574.0,10.0
2025-07-22,CSTE,7.0,1.0,8.0,1466.0,1.0
2025-07-22,HFFG,12.0,4.0,16.0,15.0,116.0
2025-07-22,NVCT,1.0,1.0,2.0,5.0,22.0
2025-07-22,EXTR,83.0,74.0,157.0,434.0,847.0
2025-07-22,INFA,19.0,0.0,19.0,61.0,100.0
2025-07-22,KW,67.0,1.0,68.0,191.0,4.0
2025-07-22,ESAB,29.0,3.0,32.0,52.0,12.0
2025-07-22,LNSR,0.0,100.0,100.0,1.0,100.0
2025-07-22,IONQ,5780.0,3535.0,9315.0,54736.0,40122.0
2025-07-22,VSTS,1014.0,30.0,1044.0,4661.0,748.0
2025-07-22,KGS,4.0,0.0,4.0,7549.0,2516.0
2025-07-22,BMBL,1244.0,155.0,1399.0,7837.0,19205.0
2025-07-22,GDRX,122.0,35.0,157.0,3976.0,170.0
2025-07-22,PRI,3.0,3.0,6.0,5.0,13.0
2025-07-22,TPG,58.0,470.0,528.0,12979.0,15517.0
2025-07-22,FSK,39.0,46.0,85.0,624.0,230.0
2025-07-22,FOSL,22.0,0.0,22.0,199.0,65.0
2025-07-22,BWMN,2.0,2.0,4.0,6.0,5.0
2025-07-22,WHF,0.0,0.0,0.0,0.0,6.0
2025-07-22,ORA,55.0,25.0,80.0,143.0,369.0
2025-07-22,HIPO,205.0,5.0,210.0,910.0,80.0
2025-07-22,DUOL,280.0,424.0,704.0,5254.0,7662.0
2025-07-22,TSQ,18.0,0.0,18.0,64.0,0.0
2025-07-22,METC,652.0,85.0,737.0,7840.0,13531.0
2025-07-22,ALLO,250.0,97.0,347.0,3439.0,1357.0
2025-07-22,OXY,2185.0,577.0,2762.0,34050.0,23790.0
2025-07-22,NNI,2.0,0.0,2.0,28.0,0.0
2025-07-22,ALTG,14.0,53.0,67.0,1621.0,528.0
2025-07-22,LOPE,20.0,13.0,33.0,29.0,34.0
2025-07-22,CSWC,4.0,60.0,64.0,552.0,316.0
2025-07-22,DXPE,55.0,41.0,96.0,654.0,225.0
2025-07-22,DHX,9.0,2.0,11.0,83.0,21.0
2025-07-22,KRNT,37.0,2.0,39.0,378.0,5.0
2025-07-22,CRH,43.0,22.0,65.0,252.0,92.0
2025-07-22,BWEN,3.0,2.0,5.0,228.0,20.0
2025-07-22,OESX,20.0,5.0,25.0,1064.0,5.0
2025-07-22,DASH,564.0,215.0,779.0,5080.0,3106.0
2025-07-22,MPAA,15.0,0.0,15.0,21.0,1.0
2025-07-22,DNOW,40.0,1.0,41.0,811.0,79.0
2025-07-22,ADMA,822.0,569.0,1391.0,9425.0,7045.0
2025-07-22,AOSL,26.0,17.0,43.0,189.0,234.0
2025-07-22,BN,134.0,58.0,192.0,1604.0,687.0
2025-07-22,SHO,2.0,0.0,2.0,2.0,0.0
2025-07-22,RUN,4602.0,1187.0,5789.0,20574.0,24071.0
2025-07-22,TALO,27.0,0.0,27.0,111.0,22.0
2025-07-22,OPAL,2.0,0.0,2.0,9.0,4.0
